Id,ORGANIZATION,NAME,GENDER,SPECIALITY,ADDRESS,CITY,STATE,ZIP,LAT,LON,ENCOUNTERS,PROCEDURES
d2a807ad-f5a4-3046-8023-4e9220c924da,74ab949d-17ac-3309-83a0-13b4405c66aa,Ted Reilly,M,GENERAL PRACTICE,881 Main Street,Fitchburg,MA,01420,42.586487,-71.80521,261,0
2c7992b9-5f74-36d9-8d6e-7fd8d8770bf4,faffaf6a-ee1a-3673-b0b0-421a9c249244,Gustavo Armstrong,M,GENERAL PRACTICE,66 WASHINGTON ST,STOUGHTON,MA,020722571,42.14415820061801,-71.10378319512402,14,0
23a28a42-eb73-3fe5-a62c-d022e2e003f3,17a4bae5-8b64-34d7-8144-b428be027bd0,Lindsay Ward,M,GENERAL PRACTICE,512 MAIN STREET  SUITE 211,SHREWSBURY,MA,015456406,42.295109499999995,-71.71808471110307,1,0
576937e7-4f79-30df-a202-3d4c07890ee0,4112b8b1-59df-3255-a7ca-f42ee0a4cb2e,Nereida Feeney,F,GENERAL PRACTICE,37 ROUTE 6A,SANDWICH,MA,025631801,41.766329400000004,-70.5147600346998,1,0
6ae2f1c9-d6f1-35f5-9c53-257a7a49b4a3,e09d4c49-c2ef-3b0f-9a46-3719d9219306,Jules Emard,M,GENERAL PRACTICE,60 HOSPITAL RD,LEOMINSTER,MA,014533290,42.54031915,-71.76312990486304,14,0
1de5d74e-8bbf-3d52-8adf-24a1e54437c2,ef5390b4-cba5-3d83-96db-af783a7adb43,Milan Anderson,M,GENERAL PRACTICE,360 MERRIMACK ST,MALDEN,MA,021482329,42.4250964,-71.066163,1,0
c5a8f79d-7b94-36ef-a369-f66787ec3161,5becf220-2978-3f33-bd38-9326947f85de,Tijuana Leannon,F,GENERAL PRACTICE,240 LYNNFIELD STREET,PEABODY,MA,019605055,42.5141736,-70.97106354209534,3,0
1daa14d8-d0ba-372e-a3df-220d727d33bf,2936ca90-6594-357d-be14-53fe0ab84dd1,Avis Ankunding,F,GENERAL PRACTICE,11 TREMONT ST,KINGSTON,MA,023641231,42.00823215,-70.72984043580247,121,0
d7b8b3de-5620-38b0-945f-dc805ce63566,ab701a70-a658-340e-8f69-ee196a7d40c6,Jolie Parisian,F,GENERAL PRACTICE,484 RTE 134,WORCESTER,MA,016071728,42.2625621,-71.8018877,43,0
d73661b8-8cf0-314c-9695-bdb033b09431,11ba6a26-59b4-3728-a268-6dc9929962b4,Angelic McCullough,F,GENERAL PRACTICE,200 GOVERNORS AVENUE,MEDFORD,MA,021551644,42.42711615,-71.1121606632448,18,0
2398a6dc-ebb7-358c-94f1-d1fdc936eb3e,f736c0f5-6d39-3e26-8ac1-39e1fc60dfbe,Raúl Armendáriz,M,GENERAL PRACTICE,11 QUARRY HILL ROAD,LEE,MA,012389645,42.2816564,-73.25307843923315,28,0
2bf6f0a4-88f2-37fc-ae73-bc3ee59e33c7,71472d9b-aa5c-3b49-a5c3-d0eee8859015,Tyree Kutch,M,GENERAL PRACTICE,118 WATERHOUSE RD STE C,BOURNE,MA,025328305,41.7281115,-70.5861571324252,48,0
10273ebf-8aa3-3052-8171-d32aa2b7f8d2,8a2e2731-3240-39d1-b4f0-cad14200937d,Carter Ritchie,M,GENERAL PRACTICE,88 WASHINGTON ST,TAUNTON,MA,027802465,41.9062805,-71.09518121351795,2,0
5c891839-ab40-33dc-b155-07b3ccd4c9af,52ecddd8-42f6-35cc-88a5-cf474c02fb49,Maxima Fahey,F,GENERAL PRACTICE,94 OBERY STREET,PLYMOUTH,MA,023602130,41.93725,-70.65503160208334,4,0
67948c15-d320-3960-957b-a8a1aac2e3c2,817a1428-2045-3e89-9fa2-ef7d287d6fa5,Gracia Schuster,F,GENERAL PRACTICE,70-71 N PARISH RD,LAWRENCE,MA,01843,42.690315,-71.150015,30,0
1ad7ea4b-bb84-3364-a8e9-11ee25195266,667b46fe-0afa-3f70-a311-bbe3d52db050,Mickey Borer,F,GENERAL PRACTICE,757 BOSTON POST RD,WORCESTER,MA,016071728,42.231371,-72.165386,5,0
28d23a6c-47c6-345c-be17-5d11057519e2,a4af40b8-0ddb-34bb-ae4a-95a17e9ad6f3,Tambra Heaney,F,GENERAL PRACTICE,100 MYLES STANDISH BOULEVARD  SUITE 103,TAUNTON,MA,027807340,41.948930849999996,-71.14141318475193,6,0
0ba52f45-0db8-39a4-ba59-1521a5feab49,775df862-d2d1-3a68-9814-043f6aa6ea66,Kimberlee Barrows,F,GENERAL PRACTICE,770 CONVERSE ST,LONGMEADOW,MA,011061719,42.0639853,-72.5521444,2,0
b605a8a6-85b4-31c8-85aa-c1fac8c519d1,8447e2c7-df8d-3e1f-9d88-b67dcca2bcb6,Shirley Baumbach,F,GENERAL PRACTICE,22 HILLSIDE AVE,GROTON,MA,014501284,42.61232115,-71.5798529093222,1,0
6073fa68-afd3-3b6a-ba6b-1bc4456e0e64,5fcff9db-16e4-3e56-aa78-abbc16338097,Margene Schamberger,F,GENERAL PRACTICE,295 VARNUM AVE,WESTFORD,MA,018863513,42.5792583,-71.4378411,90,0
23ac7a35-e129-30de-84c2-422a723a2448,fa09396a-2926-3b21-ad0c-9f6cabbce0eb,Brigitte Bartoletti,F,GENERAL PRACTICE,1210 BOSTON PROVIDENCE TPKE,NORWOOD,MA,020625061,42.1714075,-71.1951186,118,0
bcc333df-d194-3d1c-a62f-3407c870266c,84abfbd5-41c1-3df4-9b31-7ca93cb2309a,Jean Block,F,GENERAL PRACTICE,85 HERRICK ST,BEVERLY,MA,019151790,42.56415055,-70.8751357650672,43,0
9e506ecc-a5f8-3193-9416-fe874b485473,1ddd51d1-7297-3c3b-bad5-98aecd5e4a79,Derrick Kub,M,GENERAL PRACTICE,127 CAMBRIDGE STREET  SUTIE #2B,BURLINGTON,MA,018033735,42.50188325,-71.19559351572005,7,0
aa4ffcb6-987a-3a38-a0c5-8af49f0fde5c,c272e12f-e154-3fee-b05d-b7c0cab2657d,Trinidad King,M,GENERAL PRACTICE,800 WASHINGTON ST,NORWOOD,MA,020623487,42.1886973,-71.2005241,29,0
565ca130-4ad8-3a9f-a224-eedb3e903ff5,b66db758-a205-3227-9cfb-bf19d2c1962d,Noreen Stroman,F,GENERAL PRACTICE,121 HARVARD AVENUE  2ND FL,ALLSTON,MA,021342702,42.35241825,-71.13220132573996,1,0
991be996-f81b-3578-b27c-6299e380f148,b99b7849-2b53-33fb-8ce2-e3a95f17ae51,Diego Pouros,M,GENERAL PRACTICE,910 BOSTON POST ROAD SUITE 320,MARLBOROUGH,MA,017523761,42.355106,-71.47654,29,0
9a305e41-ff68-3e7d-9674-4e735f6eddab,f6a306cf-7bd6-35f4-a6b7-2d07d273914c,Conchita Tirado,F,GENERAL PRACTICE,63 FOUNTAIN ST STE 402,FRAMINGHAM,MA,017026280,42.27595495,-71.42631150114194,75,0
a85cff7d-ede6-34fb-86ac-80e59094d99d,f549a720-814b-3dc6-ae77-6376a22564ee,Perry Prosacco,M,GENERAL PRACTICE,209 COUNTY RD,NORTH FALMOUTH,MA,02556,41.6459404,-70.6183639,1,0
21589b50-c2ce-3905-9985-e690a4e19b48,2cf06ddc-4c55-3c91-98f1-fb0188079c27,Alena Rolfson,F,GENERAL PRACTICE,10 VETERANS MEMORIAL DRIVE,MILFORD,MA,017572900,42.14682295,-71.50153080894427,2,0
84ffe262-6f95-379d-a5d2-2c3193ff539e,5f7663da-4b19-3629-b8f2-fb07d75421d9,Savanna Johnson,F,GENERAL PRACTICE,42 ASBURY ST,SOUTH HAMILTON,MA,019821808,42.61322825,-70.87300675048934,15,0
b62df39d-8af3-3301-b50e-cf9b531ee5ff,5fa5e611-be3d-3ebb-8f71-124325f6005f,Rachele Nikolaus,F,GENERAL PRACTICE,480 ROUTE 6A,EAST SANDWICH,MA,025371438,41.742172,-70.45251,76,0
50021784-4ed4-3a72-b6cd-dd1da0fec8d7,2b84e56e-08b4-3078-b3ea-4d159208e065,Verda Bahringer,F,GENERAL PRACTICE,1029 PLEASANT ST,BRIDGEWATER,MA,023242301,41.9718173,-71.00937893001648,16,0
b937a52f-3ab2-3da4-83e3-470a274e86a1,4ffa4412-1493-3beb-b8f0-6614dde953a4,Harland Ryan,M,GENERAL PRACTICE,363 HIGHLAND AVENUE,WAREHAM,MA,025715011,41.745636,-70.658192,331,0
0902c808-c4e1-3f10-8a16-1ec937a7cc5b,ede4a423-6258-3ef5-b5ba-0fa6bb579563,María Cristina Ureña,F,GENERAL PRACTICE,326 NICHOLS ROAD,FITCHBURG,MA,014205478,42.5974358,-71.80761197366103,28,0
7599afca-50d0-3107-a0b7-05d9e35c752c,a14e698d-a9ba-3eae-9c8b-682ec726433d,Brian Cummerata,M,GENERAL PRACTICE,776 WESTERN AVE,LYNN,MA,019052408,42.466763,-70.9494939,53,0
323a65b2-bfd1-371b-8a69-cc22371cdfa4,dd9914b0-9491-3330-a890-d34e95e497ea,Taylor Haley,M,GENERAL PRACTICE,1061 PLEASANT ST,NEW BEDFORD,MA,027406728,41.64280275,-70.92865004309593,12,0
7737c9f6-142b-37cb-a94d-6f2ca48fc797,4c1a8ea6-b690-3c28-a02e-ebd82190ee65,Marcos Cronin,M,GENERAL PRACTICE,885 WASHINGTON ST,BOSTON,MA,021111415,42.3479909,-71.064924,46,0
842d61a2-1575-3e35-bc69-def7501885d7,5ba6765a-f335-36b0-9c6a-6bb494c5330d,Sasha Schamberger,F,GENERAL PRACTICE,31 OLD ROUTE 7,WESTWOOD,MA,020902333,42.2139873,-71.2244987,4,0
bfb7ec8c-0322-38b0-bc5e-155d18f3c47c,b6eeaaf7-1683-3bcb-b6ee-81ce304636ef,Ariane Pagac,F,GENERAL PRACTICE,170 GOVERNORS AVE,MELROSE,MA,021763225,42.4564323,-71.064182,110,0
a3f0beda-cb4b-3a3c-ab11-09fa413a3894,12dc66ee-e2c7-3d5a-892e-157ff1d47f32,Venice Rogahn,F,GENERAL PRACTICE,242 GREEN ST,WINCHENDON,MA,014751820,42.68061,-72.060691,1,0
326ce918-50ce-370c-8627-463bfa761d0e,14932db8-e179-331d-98ad-dc1c352cb6d3,Wm Barrows,M,GENERAL PRACTICE,743 MAIN ST,MELROSE,MA,021762707,42.460108950000006,-71.06216841036309,1,0
1e1ce67f-0d74-3b4a-89f4-ef7733ae3fa3,de29a374-221b-3cb4-8051-a02c1a35e5b7,Gwyneth Marvin,F,GENERAL PRACTICE,562 WASHINGTON ST,SOUTH ATTLEBORO,MA,027036942,41.912892049999996,-71.36135809627689,55,0
48c865b9-6aac-359c-8c6a-628ddeaa3229,ff6d901b-6850-378b-87d0-97a8c499aa43,Kurt Ferry,M,GENERAL PRACTICE,935 WASHINGTON ST,NORWOOD,MA,020623411,42.18396765,-71.2037844209652,37,0
ed3bc805-a292-38cc-92f9-033da7e9b23f,ea153d0a-9ccc-3769-9a25-934b417071b7,Adam Towne,M,GENERAL PRACTICE,463 WORCESTER RD,FRAMINGHAM,MA,017015354,42.3095704,-71.4413097,116,0
c190f706-1b59-337d-9079-daed48d09e20,d3085315-9893-34c7-8889-3a31dc17c2b0,Ethyl Rau,F,GENERAL PRACTICE,1428 MAIN ST STE 7,WALPOLE,MA,020811729,42.1325911,-71.2618886,9,0
8643a057-b6ed-3985-aeb4-958a0c74c009,18061fd5-fda8-3e2d-87f0-0f3c87211bcc,Omer Koepp,M,GENERAL PRACTICE,1493 CAMBRIDGE ST,SOMERVILLE,MA,021431408,42.3875968,-71.0994968,682,0
04c4dd4c-4e7e-3214-ae75-05c6be841122,1faab3d1-2ae5-3110-8e5f-c65b92ca906d,Theodore Ankunding,M,GENERAL PRACTICE,29 LEWIS AVE,GREAT BARRINGTON,MA,012301713,42.19093125,-73.3715000043024,9,0
db737dce-698d-3830-bb15-ba03b484a427,76281d34-caff-30e0-8545-bcdf33182109,Jane Schmeler,F,GENERAL PRACTICE,500 WILBUR AVENUE,SOMERSET,MA,027252051,41.72075205,-71.16843052114558,9,0
dd44f6c9-5aa8-3f29-9270-695f5d3e154e,d17688c1-9cc8-3e68-980f-82fe1ed685fe,Adam Robel,M,GENERAL PRACTICE,100 TEATICKET HWY,TEATICKET,MA,025365678,41.56361395,-70.59806084770075,49,0
2bac870d-a6f3-3993-8d67-a7f5a6d08d25,545dcda5-7471-374e-9251-b4b685197d3c,Teodoro Koss,M,GENERAL PRACTICE,175 CONNORS STREET,GARDNER,MA,014402637,42.5730593,-71.99713285,69,0
7f8d3acb-f10c-3952-8373-be80d8e77f39,43e33b67-64ac-3314-99ee-114fb2b56b80,Fidel Cummerata,M,GENERAL PRACTICE,200 HILLSIDE CIRCLE  SUITE 2,WEST SPRINGFIELD,MA,010894681,42.105237,-72.6213712,8,0
fb80c147-feb0-3157-827e-1d9b75165e8d,1e11392b-1278-3e70-93cd-f396cbd0c265,Gerry Block,F,GENERAL PRACTICE,115 LINCOLN ST,NATICK,MA,017607700,42.2843753,-71.3441395,199,0
bbaa816c-0141-3f98-8479-d6c09b3fef19,fe30f2b4-9bc8-346e-afba-4455d1766545,Georgetta Turner,F,GENERAL PRACTICE,17 LAFAYETTE AVENUE,CHELSEA,MA,021502010,42.40019115,-71.03050082480353,9,0
c30facfe-47bd-331c-88dd-0a9391c8850a,6cf8a214-8d57-3267-85e5-7719e15cd63e,Cindie Zulauf,F,GENERAL PRACTICE,170 MORTON STREET,JAMAICA PLAIN,MA,021303735,42.299067750000006,-71.10124351911541,59,0
fdf7c85d-0229-37b4-ace3-bd96160b2818,4bc0cc09-77e5-37f5-844d-64a6637cae54,Ahmed Feil,M,GENERAL PRACTICE,91 EAST MOUNTAIN ROAD,WESTFIELD,MA,010851801,42.110743549999995,-72.70066160206358,26,0
3167eb94-cd9a-316b-b226-356de5f5240a,0fedae9f-701f-3317-9b2f-69aea2202cdc,Willian Batz,M,GENERAL PRACTICE,88 EAST NEWTON STREET,WINTHROP,MA,021522715,42.3750976,-70.982827,206,0
be3e90de-d7d8-3103-ba97-c1c8d764871c,733fc7d0-7cf3-3995-82ef-a9883b807273,Melissa Yundt,F,GENERAL PRACTICE,175 FRANKLIN STREET,NORTH ADAMS,MA,012472712,42.70707,-73.10094536747326,43,0
a20ebf0b-76ee-3ca2-9739-9b3cf65a189d,9ab139f5-d278-31b4-b44e-feffdea65613,Shayla White,F,GENERAL PRACTICE,88 ROUTE 6A 101,SANDWICH,MA,025631866,41.764922,-70.502215,6,0
a5af08e9-2de1-3afe-a4e1-bbb5d11f8be6,21fa25b9-6842-3a3c-bef2-2eb383ad525e,Patrick Langosh,M,GENERAL PRACTICE,180 LOW ST,NEWBURYPORT,MA,019503519,42.815683050000004,-70.89666045994463,2,0
8414c0ad-e446-3c5f-9478-a0a0942164fc,4b7c1695-a178-3e03-8651-51acfd3b8372,Juan O'Keefe,M,GENERAL PRACTICE,600 OLD SOMERSET AVE,NORTH DIGHTON,MA,027641824,41.86399,-71.1244904,52,0
f561e763-e9bd-3ace-8f3c-f5dc087d9f66,a3327df4-d092-350b-b551-e60c82076c9a,King Predovic,M,GENERAL PRACTICE,46 NORTH MAIN ST,W BROOKFIELD,MA,015853232,42.23754835,-72.13791547215251,51,0
1117acb1-5998-3029-88e3-1835df59ed66,aade280a-3b90-3e48-9648-91109a964a63,Johna Klein,F,GENERAL PRACTICE,909 SUMNER ST,DARTMOUTH,MA,027473826,41.6332267,-70.9879928,210,0
f7c8cacd-15df-3a1f-8d6c-07f9ea9c489b,18764c6a-31fe-391c-80ac-6a5b761e06d6,Chadwick Doyle,M,GENERAL PRACTICE,19 OBERY ST,PLYMOUTH,MA,023602129,41.94456995,-70.64966444737888,2,0
563a92a4-cd52-3db4-99fc-099ea444a25e,96e9e829-0b71-3ad3-8b41-60e25b5d47d7,Doyle Crooks,M,GENERAL PRACTICE,111 ORIENT AVE,EAST BOSTON,MA,021281006,42.39055278090538,-71.00587148689957,2,0
06c84621-5c48-364b-a2a6-a0187badac0e,ecadbc11-930c-3903-b706-f8ef4bc9089e,Marco Antonio Terrazas,M,GENERAL PRACTICE,780 CHESTNUT ST,SPRINGFIELD,MA,011031109,42.1211633,-72.60614164702717,65,0
4742417c-6a6b-3bb0-bb49-aa5b609e7e27,ad007cc5-a3df-3aa7-886d-5123ab59d189,Antoine Maggio,M,GENERAL PRACTICE,85 N WASHINGTON ST,NORTH ATTLEBORO,MA,027601634,41.98443775,-71.33190349847027,1,0
951b018a-cdc0-33f4-8df5-0abd30161d71,980d9bfa-a344-3bff-8c02-232dd0e8fd34,Waylon Lakin,M,GENERAL PRACTICE,100 TRADE CENTER SUITE G-700,WOBURN,MA,018011851,42.4792618,-71.1522766,73,0
49d8b09b-d73a-3c28-9caf-267fe08507e4,794b1cc2-97be-30a4-83a0-4bf6add43c74,Hugo Gutmann,M,GENERAL PRACTICE,215 THATCHER STREET,BROCKTON,MA,023023949,42.0740963,-70.99660306096918,5,0
68395108-d578-30b4-aaad-fa346121fa8e,440fa4b8-c731-3cf5-81d9-aa3f30a37b95,Bennie Abbott,M,GENERAL PRACTICE,41 & 45 MALL ROAD,PEABODY,MA,019602901,42.5278731,-70.9286609,139,0
2cc34966-32a5-3780-aa4f-d0785b39fe1f,0fab3c4e-a028-39a6-b15a-be5a88b6aa2a,Miyoko Paucek,F,GENERAL PRACTICE,222 STATE STREET,LUDLOW,MA,010563437,42.15547415,-72.47222226666076,100,0
1a292c7f-d754-3716-bb38-1156fdfc8ebc,ce53c877-0290-390a-b4b4-2462001a1713,Greg Hilll,M,GENERAL PRACTICE,847 ROGERS STREET  SUITE 201,LOWELL,MA,018524345,42.6275246,-71.27673639687623,1,0
5bd873d6-2454-3c27-9e18-0dbbd73ad5bf,e9a24be5-b0a3-3fd2-a606-dd13498024ea,Darwin O'Hara,M,GENERAL PRACTICE,85 E MAIN ST STE A,NORTON,MA,027662307,41.971697,-71.17689334021827,27,0
299bc970-e392-3725-be6b-0068abb3dacb,57e4e5fa-d68d-3caa-a5ad-37beb1b51207,Latrina White,F,GENERAL PRACTICE,800 WASHINGTON ST,NORWOOD,MA,020623487,42.1886973,-71.2005241,1,0
ca468bd1-fb33-3446-8ab2-668bc2f89d1c,b20a0fe1-53b3-33fc-8acb-bc9a2df64e57,Prince Schoen,M,GENERAL PRACTICE,3 PATTERSON ROAD  SUITE 3,SHIRLEY,MA,014642907,42.552462649999995,-71.62383665745185,7,0
0247c8a1-7a1b-31c5-b9cf-7ca5f2709870,b8421363-9807-3b16-a146-95336eea5cfb,Nicolás Covarrubias,M,GENERAL PRACTICE,30 LOCUST ST,NORTHAMPTON,MA,010602052,42.33032115,-72.65330802608176,8,0
3de52be3-c92c-3061-8052-1d0c2776b2f5,8424b5ec-ba0a-32e9-94ae-a9d397884093,Ileen Casper,F,GENERAL PRACTICE,49 BLANCHARD STREET  SUITE 101,LAWRENCE,MA,018431456,42.69651155,-71.1612176954981,11,0
e4983a7e-17dd-37fa-8f18-22560ba279e0,37111f41-8bc5-35d3-9cd9-5b447a11ffd1,Derek Greenholt,M,GENERAL PRACTICE,TEN INGALLS COURT,METHUEN,MA,018443712,42.7262016,-71.1908924,13,0
48043011-5077-39cf-9667-78a159c43d1a,24460683-f514-37ef-98c1-724b2fc9aa2a,Simonne Wilderman,F,GENERAL PRACTICE,60 HODGES AVE,TAUNTON,MA,027803034,41.91158935,-71.10129620180315,9,0
ad6ac3c7-997d-3d5d-b3db-923c92002bed,3076e02a-deac-3e81-96a9-1d32cbda6fca,Randy Kilback,F,GENERAL PRACTICE,59 EASTWOOD CIRCLE,GARDNER,MA,014403901,42.567006649999996,-71.97817904424542,12,0
9314124c-9c70-39f3-ad96-ad4765cf03ba,65f0254a-73a3-3b06-bced-54d511445535,Elbert Carter,M,GENERAL PRACTICE,720 BOSTON POST ROAD,MARLBOROUGH,MA,017523766,42.355106,-71.47654,11,0
2ca33fa8-bb5d-3582-8c9a-f240a30e0e3b,6170552c-4d27-3e64-8068-64a380f1837d,Jackelyn Pacocha,F,GENERAL PRACTICE,76 SUMMER ST,HAVERHILL,MA,018305814,42.7786873,-71.07306505177553,128,0
c485d481-5941-3e18-a2cf-866d775b1c87,e6cc6043-299a-3581-8f6b-b3b5d62c46ae,Ellen Farrell,F,GENERAL PRACTICE,532 SUMNER AVE,SPRINGFIELD,MA,011082458,42.08631583333334,-72.55792579166666,43,0
e88c8e08-c56d-3cbe-84ae-acd4c1bf2b20,b9e35b8a-9831-32d8-a6dc-d7a546c126b0,Domenic Blick,M,GENERAL PRACTICE,111 HUNTOON MEMORIAL HIGHWAY  1ST FLOOR,SPRINGFIELD,MA,011092550,42.1018764,-72.5886727,321,0
0fe0cd33-1890-3f2c-9644-2c30e8611b24,70d5bbef-3c05-3318-b9d7-003dc8fbb8cf,Shenika Little,F,GENERAL PRACTICE,33 SUMMER ST,TAUNTON,MA,027803479,41.9005416,-71.08895606814966,1,0
0f63a01f-4457-327e-b327-d8a3d2321bc8,38508743-50d1-3429-8fe2-37e42ddaf20e,Marth Mayer,F,GENERAL PRACTICE,164 HIGH ST,GREENFIELD,MA,013012778,42.595268700000005,-72.59288632376354,151,0
a8053bca-83a0-36e7-876a-2bafd61170e6,2f735290-1603-31b5-b561-7c8e0d413170,Amado Adams,M,GENERAL PRACTICE,100 FOXBOROUGH BLVD STE 230,FOXBOROUGH,MA,020352878,42.041851949999995,-71.23486657070565,18,0
d6082f78-dee2-31b4-a331-8111497218d0,e1818b21-4458-3b9c-b2b8-7ed6f57ae078,Tamisha Wilderman,F,GENERAL PRACTICE,2399 BOSTON ROAD,WILBRAHAM,MA,010951185,42.14668485,-72.45048427046072,9,0
b947e03a-d37d-38cd-9e2d-41d81c42539f,328f813e-4de8-3ec2-a113-43f3ddfb0b2a,Eldridge Roob,M,GENERAL PRACTICE,30-40 WESTPARK STREET,BROCKTON,MA,023015241,42.0834335,-71.0183787,61,0
ce4b2d16-d893-338c-a243-b4f766708b74,8d110f42-6f75-3751-b0c5-b45ab08333a1,Shonna Feest,F,GENERAL PRACTICE,88 WASHINGTON ST,TAUNTON,MA,027802465,41.9062805,-71.09518121351795,115,0
8027f1b7-ed1b-3fb3-a657-e43297ecf686,dd3307db-114c-3f11-be44-a9eef6bb3fc5,Evelin Ratke,F,GENERAL PRACTICE,269 UNION STREET,LYNN,MA,019011201,42.4652772,-70.94362420273097,30,0
2148aabd-3064-303b-ae45-b3729a6208ed,1d87bbfa-19aa-3128-adca-420ff8d5a12a,Junior Pacocha,M,GENERAL PRACTICE,771 CHURCH ST,NORTH ADAMS,MA,012474109,42.680927100000005,-73.09950699822534,67,0
23da564b-7ab3-3911-9ff5-cea4e5531592,f2068cee-c75c-321d-9b2c-c33535db89c9,Octavio Prosacco,M,GENERAL PRACTICE,32 BOSSI AVE,RANDOLPH,MA,023682002,42.20017865,-71.0582074,28,0
a856037e-ae41-319b-8944-a09243ce51d7,15d4c950-4691-3996-b4c4-bf06bfb58ff7,Alvin Crona,M,GENERAL PRACTICE,70 EAST ST,METHUEN,MA,018445883,42.7285558,-71.16833738237946,209,0
ff1d93ed-2249-3352-bc83-cac24cb57695,5018c664-e283-30eb-932a-529d9a19b3b5,Rochell Stehr,F,GENERAL PRACTICE,300 SOUTH ST,WOBURN,MA,018014979,42.473347,-71.144086,164,0
6a190488-b4fa-3fe1-8702-9f4a40f8ae7a,2e8b42f8-4300-30a9-a576-d513d1021a0a,Chris Haag,M,GENERAL PRACTICE,600 CLARK RD,TEWKSBURY,MA,018761699,42.63120935,-71.27023603178071,80,0
b9594a58-47f3-3041-9a61-6138dd591308,0caa0116-ef9a-3d4c-bcff-9c405a9d2bda,Aubrey Emard,M,GENERAL PRACTICE,105 CHESTNUT ST STE 35,PLYMOUTH,MA,023604054,41.884685,-70.847219,101,0
531bfc75-e077-3dc6-af9a-b074e83df23a,5ba77f2c-8ce5-3dde-bb46-3ffcceb3bfbf,Cedric Quitzon,M,GENERAL PRACTICE,188 FLORENCE ST,CHESTNUT HILL,MA,024672641,42.31835025,-71.17401686317635,3,0
faf532df-7bf4-3543-b83c-206d6368b716,d140ed3f-2696-3e78-bd77-1c959ec4fc4d,Orpha Marks,F,GENERAL PRACTICE,863 HATHAWAY ROAD,NEW BEDFORD,MA,027401916,41.6512968,-70.9669902070805,19,0
6b78c8cb-d557-3108-8b8d-f6425e3ddf50,1cff30ba-b91f-3ea2-b80b-770d67856358,Annamae Halvorson,F,GENERAL PRACTICE,359 JONES RD,FALMOUTH,MA,025403341,41.5591273,-70.60352436630029,13,0
54d612fa-7027-3d20-93fa-d3b154af8c50,d4e48a16-0a60-3e90-81e5-c35b22ffe6af,Elmer Kutch,F,GENERAL PRACTICE,856 STATE RD,NORTH ADAMS,MA,012473027,42.69967208677275,-73.16330754755236,92,0
77a29306-6654-38ee-96de-0a488a8b4100,bccd7d67-203c-3d93-b6b0-bff5a146cd1d,Courtney Kihn,M,GENERAL PRACTICE,286 WASHINGTON ST,STOUGHTON,MA,020721763,42.1384306,-71.1022598,1,0
f0f3701c-009a-311c-9aa3-0ed8995df26f,63cb4d95-04a9-3a35-b5d9-f89e0377a48d,Chu Weber,F,GENERAL PRACTICE,211 PARK ST,ATTLEBORO,MA,027033143,41.9419187,-71.2752081695297,290,0
91f411cc-cace-39b7-8470-5be99de2f05a,6e290541-eba3-37fc-a3e2-e58f77e84c7e,Christeen Toy,F,GENERAL PRACTICE,15 LENOX ST.,SPRINGFIELD,MA,011083122,42.085779,-72.55846414285715,101,0
e633e574-2905-325f-9393-6b5519ba6958,4e880cb9-1ca0-3582-b8cf-8a59b0d2b878,Mao Bednar,F,GENERAL PRACTICE,51 S CHURCH ST,PITTSFIELD,MA,012016178,42.44648205,-73.25863241543368,152,0
72e531cf-9f68-3720-b23b-46079651ce15,ca62a361-9c79-32d1-92cc-ffc0d5d19679,Benedict Barrows,M,GENERAL PRACTICE,19 HENRY ST,SHARON,MA,020671714,42.109147300000004,-71.20768205338297,18,0
df292e73-ff6d-36f3-ae77-f814931c5611,0d24cc89-3256-330c-b36d-d8de8babef84,Will Bernhard,M,GENERAL PRACTICE,1030 FALMOUTH RD,SOUTH YARMOUTH,MA,026641218,41.6667779,-70.1847414,16,0
bb7a1aad-57ed-35ee-8c32-01b0734af8cd,8ae6a210-708f-3b23-b7d3-ac7948abd2b0,Alden Dare,M,GENERAL PRACTICE,631 LINCOLN ST,WORCESTER,MA,016052010,42.2975664,-71.76536802164628,24,0
2cc90f8a-dfe4-36c1-831d-50f133f51ed0,db28cc9a-fdfb-35a6-aef7-ab9b933ef244,Judy Gleason,F,GENERAL PRACTICE,8 DANA STREET,CAMBRIDGE,MA,021385402,42.3694992,-71.11011030010101,12,0
3e494735-b7c5-3c17-aff5-14445e43f70d,19a65317-5d32-355e-8f82-88933d48366d,Wes King,M,GENERAL PRACTICE,5 PRECINCT ST,LAKEVILLE,MA,023471468,41.8455651,-70.95195924208448,40,0
b7a2158e-bd0c-32ca-86ac-aedbca518d2d,9d0e702d-50a0-3f4c-9126-0951d560fd4b,Otha Roberts,M,GENERAL PRACTICE,189 MAY ST,WORCESTER,MA,016024339,42.25986305,-71.83597786023279,197,0
6ad4df0a-6c26-302b-aab0-67139a0368fb,f0e3e152-0b08-3819-b962-b043f63f6dc1,Manuela Rippin,F,GENERAL PRACTICE,1010 VARNUM AVENUE,LOWELL,MA,018541915,42.6422606,-71.36626685573418,2,0
98eb0513-5e92-3db5-94bb-88c8b767dd87,c7542447-e06e-32cb-b6db-243c23a0dbc2,José Emilio Leyva,M,GENERAL PRACTICE,30 WARREN ST,BOSTON,MA,021353602,42.3501483,-71.14393324457691,413,0
54d83016-52ca-36ab-ad27-55bf985d2868,8bf5325a-c11b-35c4-b07d-17a5aeba8353,Penni Okuneva,F,GENERAL PRACTICE,815 WORCESTER STREET,SPRINGFIELD,MA,011511001,42.1018764,-72.5886727,32,0
21b4d7a0-45d8-3c0b-9e6a-7c217f710440,6dafa732-cdaa-37ab-a33c-b14878e841d7,September Howe,F,GENERAL PRACTICE,400 BROOKSBY VILLAGE DRIVE,PEABODY,MA,019601488,42.55186794282506,-70.97276672693852,7,0
b817c197-5770-3435-84a3-ba0a7a10bf17,43e22208-dae0-3196-b30b-17b3c50679c2,Julio Oquendo,M,GENERAL PRACTICE,147 PELHAM ST,METHUEN,MA,018442060,42.7288158,-71.20222773774655,63,0
717845e8-58c5-3b83-83d5-81266304f4b7,46375470-1e20-3ddc-8dc5-010ba53826b6,Jude Reynolds,M,GENERAL PRACTICE,40 WRIGHT ST,PALMER,MA,010691138,42.16934095,-72.34120457065711,97,0
4c137ed6-1e1d-3cc6-8e0e-5097b04a23f6,aba3e6f6-4562-342e-b90f-dd61b117f394,Maryjane White,F,GENERAL PRACTICE,438 CHESTNUT STREET,SPRINGFIELD,MA,011072008,42.11291091861002,-72.59692685125127,35,0
759bcc89-3938-30f6-9651-bdbdf45c3d47,a4b91172-69e7-3895-bd89-b9a0868de5c2,Shanita Wolff,F,GENERAL PRACTICE,651 ORCHARD ST,NEW BEDFORD,MA,027441052,41.6149879,-70.93113851963673,16,0
b0b053fa-497b-3cc0-90f2-040bef4417ce,47fb5a56-bee5-3ecd-9958-706b20831c82,Ezra Torp,M,GENERAL PRACTICE,600 CUMMINGS CENTER  SUITE 270X,WOBURN,MA,018016356,42.4792618,-71.1522766,52,0
5194fb61-8e23-30cc-a610-ed74745b8b95,72f50aa0-d8c9-34dc-ac58-c428323f3bcd,Danuta Little,F,GENERAL PRACTICE,55 FRUIT ST,BOSTON,MA,021142696,42.36286045,-71.06875296664998,49,0
d40b15e1-d812-30e1-b8b4-6f1815a74f1f,9203d0d2-ca7d-3421-9361-974402ffb561,Shelby Shields,M,GENERAL PRACTICE,58 OLD NORTH RD,WORTHINGTON,MA,010989708,42.414246,-72.93841842197347,23,0
9abbd488-85d7-35c2-9e03-f6276fd4ec67,ca8a919a-05f9-3687-bfb6-42800a70031e,Josue Flatley,M,GENERAL PRACTICE,6111 OAK TREE BLVD STE 301,FRAMINGHAM,MA,017014613,42.3095704,-71.4413097,49,0
ccc9d50e-fd64-3989-8fe8-c1d6a31d9b97,eee00932-ca82-36bc-b7e8-e3fff6dbaeaa,Leif Hane,M,GENERAL PRACTICE,450 BROOKLINE AVE,WEYMOUTH,MA,021893141,42.2212188,-70.9391625,127,0
c497640a-415c-31e7-8407-59099144cc4f,a194e94a-dd16-347e-95ea-8d00052c14d1,Elvera Gusikowski,F,GENERAL PRACTICE,833 MAIN ST,S YARMOUTH,MA,026645254,41.65171785,-70.21464095380932,55,0
0c1b4902-4085-334e-929c-138bb3df7d4b,be509ccb-bfb7-3b87-8945-8426b689ef9d,Chong Balistreri,F,GENERAL PRACTICE,2049 DORCHESTER AVENUE,BOSTON,MA,021244742,42.3554334,-71.060511,1,0
51ce7a6e-9df1-3a23-80d5-6b9b78c84411,a06b1a97-d6ce-3ea1-ba4a-2ef85a8114ab,Wanda Goyette,F,GENERAL PRACTICE,400 GROTON ROAD,AYER,MA,014321171,42.57821195,-71.5733060441645,22,0
b046ab3c-2e1c-3d10-8a1f-66e127ec47a3,f8918a95-31e8-3ac4-8d12-29ca6080ebda,Rudolf Vandervort,M,GENERAL PRACTICE,199 REEDSDALE RD,MILTON,MA,021863926,42.251368299999996,-71.0768393856917,20,0
b6a6c51f-e8ab-38c0-ba6f-5aaa13666b21,8d5880eb-1dd8-31ea-b7c5-21709f3bb341,Nicholle Satterfield,F,GENERAL PRACTICE,50 ROWE ST,MELROSE,MA,021763201,42.4592093,-71.06078096379728,41,0
94a11bea-3df2-3e52-b4e0-69f4bf91f4e4,ca9ee1b8-abeb-3b62-a017-8839fbe10847,Anika Miller,F,GENERAL PRACTICE,172 LAWRENCE STREET,LAWRENCE,MA,018413849,42.7138132,-71.1639172,2,0
f8967645-7257-3d95-9fb2-c5496344a2bb,fd650ebc-a642-3818-b073-692473cd31f1,Tobias Kris,M,GENERAL PRACTICE,900 CUMMING CENTER,BEVERLY,MA,019156181,42.5584284,-70.8800491,42,0
39f800b6-082b-33a2-9d14-1d24982073e8,3ff0f58b-7a1f-3334-9449-ff15f68b7d86,Crystle McCullough,F,GENERAL PRACTICE,275 SANDWICH ST,PLYMOUTH,MA,023607761,41.94186605,-70.6455366462985,412,0
04a43a65-2174-39d0-9e0f-d2b4774e86b4,70e3ad4f-b9ff-3f3e-9990-2cd7e23a9d1c,Tambra Bosco,F,GENERAL PRACTICE,1238 RIVERDALE ST,WEST SPRINGFIELD,MA,010894675,42.1373438,-72.62624707492338,10,0
bcda813e-b0d6-3c48-9606-757917e81807,dbe1e521-57da-3855-9aa0-aabadbd17e32,Joline Stark,F,GENERAL PRACTICE,454 WASHINGTON ST,NORWELL,MA,020612050,42.1592792,-70.85480698781902,1,0
c821091c-c9fd-3408-af17-02ec4ceaef5e,9cfdd210-a2ed-34d6-9381-2f5d999011ca,Edith Beier,F,GENERAL PRACTICE,21 HIGHLAND AVE,NEWBURYPORT,MA,019503873,42.814341671166744,-70.88998002772408,81,0
1daf1761-23c8-359b-9314-4aafbd999254,75846b1f-d0ec-3255-9bdd-d09eb0a9dd0d,Paul Bartell,M,GENERAL PRACTICE,575 BEECH ST,HOLYOKE,MA,010402296,42.20105435,-72.628169560868,45,0
4c9ae9f6-bf74-32cb-a0bc-2f6d36307470,7e8bd0f2-2746-355e-92ef-9473818c58a2,Ivory Okuneva,M,GENERAL PRACTICE,90 SUTTON STREET  SUITE 3-4,NORTH ANDOVER,MA,018451655,42.705281049999996,-71.13643624887442,12,0
c29efbbd-c575-33da-bbcb-8ec8cfa8e417,dd280187-8662-3732-af81-595d10572911,Mertie Lakin,F,GENERAL PRACTICE,4499 ACUSHNET AVE,NEW BEDFORD,MA,027454707,41.74026055,-70.9450945705336,195,0
b5155e52-5b01-3ea6-a740-fafd690017cb,a6964d47-8af0-3df2-b99d-d8414eb1cfa3,Adrienne Schiller,F,GENERAL PRACTICE,200 MAY ST,SOUTH ATTLEBORO,MA,027035520,41.924394750000005,-71.36076410900014,26,0
f5b08c57-8c08-370e-b7e9-0f1098eb598c,dae3ee01-f383-366e-9ad6-dc92963064ea,Orville Will,M,GENERAL PRACTICE,1233 MAIN ST,HOLYOKE,MA,010405381,42.16578055,-72.63389634691956,121,0
ec0b7523-326a-3d6a-add6-47a2c497ab1f,a7b047dd-186a-32de-8187-b0853c05aed6,Melida Mayert,F,GENERAL PRACTICE,180 LOW STREET,NEWBURYPORT,MA,019503519,42.815683050000004,-70.89666045994463,5,0
9f7c1fd9-5a40-34ac-ad4b-fec513a601b3,6d947ed4-9b7f-3720-8141-67109691d2e7,Kim Eichmann,M,GENERAL PRACTICE,73 Eagle Street,Pittsfield,MA,01201,42.451427,-73.25195,280,0
70f1a455-d69b-39af-bc3e-3bfbd86ee7ff,dac75bc1-cbfa-306b-9a0a-88d5edf3638d,Henry Ebert,M,GENERAL PRACTICE,170 COREY ROAD,BRIGHTON,MA,021358244,42.3433093,-71.14003855124017,3,0
bce922f5-7168-31f7-914e-f0a1633eab71,b7b02632-03e1-330a-aa40-fdee22899633,Corie Cormier,F,GENERAL PRACTICE,840 HARRISON AVE,ROXBURY,MA,021203432,42.3279605,-71.0830607,45,0
b4121bc0-696a-361c-9001-bda240db5f82,c6907774-d9cd-3408-b554-08b135423b40,Judi Stokes,F,GENERAL PRACTICE,642 BOSTON POST RD,SUDBURY,MA,017763302,42.36142375,-71.44123077142632,1,0
acc5383e-380b-39e6-901b-a6f53d216832,f82ff162-c689-3682-876c-220cf96eb97b,Billy Schoen,M,GENERAL PRACTICE,74 MAIN ST,FRAMINGHAM,MA,017022952,42.2976266,-71.42605348361442,38,0
a5c964ad-76b5-3b25-b2d2-623f1e663014,9d989fcf-4ad9-3972-ada3-f275d967781e,Dominic Miller,M,GENERAL PRACTICE,100 TER HEUN DR,SANDWICH,MA,025632377,41.7579043,-70.4968152,255,0
746965b0-cd43-3d5b-a9e7-397144260bef,b69bccdc-5ad3-3ded-a018-3cd8f369c9d2,Marleen Ziemann,F,GENERAL PRACTICE,120 S MAIN STREET,CENTERVILLE,MA,026323246,41.649898300000004,-70.34309844876677,31,0
ffd9a9e6-f325-36ce-922f-87761b7d3733,542185c1-943a-30f4-aba0-0efaa92488a4,Wilbur Rau,M,GENERAL PRACTICE,142 LAKE ST,ARLINGTON,MA,024764738,42.40328885,-71.15140830652837,63,0
d266c7c3-463c-3169-9334-3db7752948d3,a2cc09de-c1e2-3126-8c09-d49f95225281,Darnell Leannon,M,GENERAL PRACTICE,300 LONGWOOD AVE,WALTHAM,MA,024532741,42.3756401,-71.2358004,9,0
8cc9b978-3df0-3f17-a249-3a96d2f97905,9f2f60a6-87a4-3f45-b753-b63b5b7e9993,Maricruz Considine,F,GENERAL PRACTICE,332 HANOVER STREET,BOSTON,MA,021131901,42.3647421,-71.0536619,63,0
5487fd60-1af8-3d08-a134-6c93c3e4641f,44cb1162-a345-3477-8723-c202a3c8cdcd,Jamey Graham,M,GENERAL PRACTICE,73 W MAIN ST,HOPKINTON,MA,017481619,42.21799145,-71.54005509979045,111,0
ced7f11f-8ebd-32c9-b45a-27bed0ae20d1,ab16be57-62ea-39a5-8f7a-ee1285cf6934,Ciara Gibson,F,GENERAL PRACTICE,115 MILL ST,PETERSHAM,MA,013669503,42.4865962,-72.1893057,341,0
a75590e1-c18f-3f4b-8bf2-d429bc8cdeed,f341c366-8313-3790-ab26-d8d27b116ff5,Augustine Greenholt,M,GENERAL PRACTICE,80 LINCOLN STREET,WALTHAM,MA,024535465,42.39322121170625,-71.24104146434591,29,0
ac39a80e-c61d-3d63-a1eb-90620478e13b,0d7ef8ee-4e45-3b40-9f2b-f558dce71574,Rory Kuhlman,F,GENERAL PRACTICE,200 BOYLSTON ST,CHESTNUT HILL,MA,024672008,42.318869649999996,-71.17524247213663,64,0
8e26a229-2719-3556-aa78-cb2c1063033c,0519b293-2e92-3eb3-aeef-233da0babc93,Juan Friesen,M,GENERAL PRACTICE,40 PARKHURST ROAD,CHELMSFORD,MA,018241511,42.6198215,-71.36189212971482,7,0
77dd72ef-6c5c-38c1-a836-8d977b4d2065,c5403c4f-14d5-3171-9227-a9b8327f3149,Lonnie Ferry,F,GENERAL PRACTICE,52 OLNEY RD,CHICOPEE,MA,010202103,42.1487691,-72.6071119,21,0
670f61a1-a172-3a24-8377-e21502804df9,4ffc4e4b-9d8d-3c30-ad84-fc9a7209da94,Madelyn Carter,F,GENERAL PRACTICE,4525 ACUSHNET AVENUE,NEW BEDFORD,MA,027454727,41.74080975,-70.94731021257817,11,0
211dad84-233b-309f-87bf-f8b9db388034,bebc1dac-6c42-3225-b0ba-23278cdf2a62,Cherry Hackett,F,GENERAL PRACTICE,464 MAIN STREET,AGAWAM,MA,010011826,42.07695165,-72.62026217030348,2,0
26b5c86f-ad0a-312a-b76d-8ec05b761762,ce4d0501-49eb-396a-bc56-545fdfc624b0,Mauricio Daniel,M,GENERAL PRACTICE,1 HOSPITAL RD,OAK BLUFFS,MA,025571406,41.46063105,-70.57989080295974,118,0
d2dffa40-8fca-3460-9ced-30bcdd1ede85,70e943de-a18b-3e03-a204-ecca2f01b6d1,Joshua Wolf,M,GENERAL PRACTICE,76 NORTH MAIN STREET,WEST BOYLSTON,MA,015831130,42.393642299999996,-71.79207534741954,15,0
2603f623-d583-3bac-9177-b5e37d14c8d8,e69e7cbb-8362-30d1-83f2-3a0c492fe2b1,Isaac Kub,M,GENERAL PRACTICE,110 LONG POND RD,PLYMOUTH,MA,023602642,41.9255829,-70.65514326847389,39,0
07fd4634-86d7-30c0-8be3-69c96ea5f53a,d13ac855-c068-3b57-8d65-fc3c90f32558,Mertie Orn,F,GENERAL PRACTICE,383 SOUTH ORLEANS ROAD,BREWSTER,MA,026312870,41.738964949999996,-70.00124453922743,2,0
76e8019d-5a3b-34dd-9291-0912f314d4b1,afc661fd-71d9-3fc3-adf2-3fc3b5e8a140,Leontine Schmeler,F,GENERAL PRACTICE,680 CENTRE ST,RAYNHAM,MA,02767,41.9487118,-71.0731008,5,0
80549330-d86f-3416-8281-abb290777d0b,06cc2462-430f-3322-9c87-7e971125f510,Bryon Mann,M,GENERAL PRACTICE,133 OLD ROAD TO 9 ACRE COR,WESTFORD,MA,018863198,42.5792583,-71.4378411,10,0
41f5e94c-770b-3f20-82a5-1808fec8d4a6,ee7fab6f-6438-394f-b1f2-3e452f8f055a,Trey Satterfield,M,GENERAL PRACTICE,75 BRIMBAL AVENUE,BEVERLY,MA,019156009,42.570099299999995,-70.87108224250409,119,0
9ba49efb-3ce2-34ce-9693-cc5b4a8797ce,79508e39-d0b0-3613-9d54-168f6e1c3a18,Antonette Tromp,F,GENERAL PRACTICE,200 GROTON ROAD,GROTON,MA,014502056,42.577352149999996,-71.57414587343038,340,0
1ee0bdf6-fcd8-3bb7-bcac-0bffa42497b8,880fad59-9c38-3a21-a39f-ccc801502ab3,Maurice Pollich,M,GENERAL PRACTICE,799 CONCORD AVENUE,CAMBRIDGE,MA,021381048,42.390849395521705,-71.1556550001627,17,0
af121c36-9d23-3272-a30f-3651231ed094,352f2e3b-0708-3eb4-9f7e-e73a685bf379,Araceli Willms,F,GENERAL PRACTICE,157 UNION ST,SOUTHBOROUGH,MA,017721215,42.3056501,-71.5245087,147,0
88fd7f3e-d196-3741-b349-38301a89f4cc,a2d45ee8-b930-3169-b612-f602961ad212,Florance Leannon,F,GENERAL PRACTICE,37 MINUTEMAN WAY,SHREWSBURY,MA,015452229,42.288207,-71.73443816915585,21,0
6ae463d8-ef2f-3e66-b056-04703710c906,0fa1cab9-83c1-3c85-b7bc-53d8b922e2f7,Annita Frami,F,GENERAL PRACTICE,115 LINCOLN STREET,WORCESTER,MA,016081216,42.2768165,-71.795274,1,0
59accf92-76a8-3885-8989-4b8abcf1eca6,4887dc20-9ef6-3cc2-9c56-858388049a50,Kimberlie Kertzmann,F,GENERAL PRACTICE,168 WEST CENTRAL STREET,NATICK,MA,017604122,42.282113100000004,-71.37898579435048,7,0
6ccd13b5-2761-3311-a714-0daba8b43d30,a73a3693-57ac-367e-b29e-f0f834cbaf66,Chelsey Simonis,F,GENERAL PRACTICE,10 CORDAGE PARK CIR,PLYMOUTH,MA,023607318,41.9788991,-70.6879608,61,0
04136f3d-0187-3080-a645-0f6493bc7dc2,fb4a08b8-57ee-382b-b3cb-43d94f1bb4c0,Theo Hammes,F,GENERAL PRACTICE,1010 SOUTH MAIN STREET,FALL RIVER,MA,027242855,41.690775450000004,-71.16515282264554,39,0
8d174ab6-c542-3944-9eda-11dc574f31e6,2b97893e-dc50-378b-a266-f089b8450329,Magdalena Torphy,F,GENERAL PRACTICE,250 MOUNT VERNON ST,DORCHESTER,MA,021253120,42.3194571,-71.04610844302991,60,0
63dd5d13-5f88-3ade-af05-cc47c657d406,3d5fbf38-c781-3e04-8c7e-5a402611b7d4,Enriqueta Barton,F,GENERAL PRACTICE,260 ELM ST,SOMERVILLE,MA,021442951,42.3955992,-71.1227391,89,0
4a7018d1-fd5e-3cc2-b95a-e70b1bbafaf6,f43f97f2-af04-3ed0-a42e-3681718cc9b2,Jacques Quigley,M,GENERAL PRACTICE,725 NORTH ST,PITTSFIELD,MA,012014109,42.4600752,-73.2492795834909,484,0
21c12bec-30d7-384b-b2e6-0f6c57c021ed,fd5342f0-10c0-3f48-9c7e-7100a64db139,Robby Abshire,M,GENERAL PRACTICE,30 PRINCETON BOULEVARD,LOWELL,MA,018512405,42.6353691,-71.3322833,3,0
481573a8-85a8-3a9e-9f75-d8d9abccfc3b,2f67494e-f17e-3248-ba68-3ca42913cca1,Majorie Bergstrom,F,GENERAL PRACTICE,184 MAIN STREET,FAIRHAVEN,MA,027193259,41.646106,-70.90865208079187,1,0
d9156787-b97e-37f2-8e83-094fde0a7077,52efa2e5-007f-3396-a83a-28ca015f0595,Walton Turner,M,GENERAL PRACTICE,20 N PARK AVE STE 2200A,PLYMOUTH,MA,023604090,41.960434631488596,-70.67007876763536,85,0
02b5b25f-06f9-38aa-a4ea-7c2502d8f7fb,19439108-9835-38fe-8ee2-1226a355cfba,Georgeann Kunze,F,GENERAL PRACTICE,694 WORCESTER RD,WELLESLEY,MA,024822837,42.2964859,-71.2925571,9,0
b81f5c03-106a-3ca0-bec7-a2663833bd69,b5789b71-fc8e-3b7e-9eb2-3fc577943117,Elvia Miller,F,GENERAL PRACTICE,81 RESERVOIR DRIVE,ATHOL,MA,013314901,42.581152349999996,-72.18775715069674,53,0
3cf5f01e-661a-3d8d-9f09-c227baea542f,94ac48ba-e215-3ab9-ba88-a0b926d29cef,Nerissa Hahn,F,GENERAL PRACTICE,300 WINTHROP STREET,MEDFORD,MA,021552311,42.421527,-71.11834,3,0
47153546-6a36-384d-8a03-8f012302d178,0334ad53-5d57-384e-a411-63b075139c06,Silas Stamm,M,GENERAL PRACTICE,66 CENTRAL STREET,EAST BRIDGEWATER,MA,023331913,42.03160525,-70.9572577506426,41,0
6a385426-3359-3000-bfcf-7dfc3dbbe99b,069b90f9-309b-35e4-b990-d1dbacb962cc,Thomas Strosin,M,GENERAL PRACTICE,36 LOWER WESTFIELD ROAD,HOLYOKE,MA,010402749,42.16975305,-72.63488031242107,20,0
18cfcca3-5d2a-3cd0-a8ff-d50037abc7ea,e5ce3b83-f5e6-308d-aa64-82539fc2d906,Garret Dach,M,GENERAL PRACTICE,1842 BEACON ST,BROOKLINE,MA,024451922,42.33728028715071,-71.14536064081996,1,0
47d59e3a-9a4e-327f-b6c1-2971ceac6c1b,936ceb96-2b12-371f-aa68-ee02a9c06f4c,Alan Keeling,M,GENERAL PRACTICE,225 BOSTON ST,LYNN,MA,019043124,42.470497449999996,-70.96003668151566,88,0
72152c2f-69f0-396b-b993-6d118fb713c3,dfcd78f1-f67e-321d-84e3-f658c482c474,Elmo Wisoky,M,GENERAL PRACTICE,64 WOODLANDS WAY,BREWSTER,MA,026312550,41.737807,-70.0036669,57,0
1b427ffb-8264-3152-a6e9-d6a4f552ef62,51759ecf-0948-3f61-b8fc-09dd8f2b90a1,Damon Schultz,M,GENERAL PRACTICE,CHRISTIAN HILL ROAD,GREAT BARRINGTON,MA,012301108,42.207865,-73.360405,44,0
1f195cc6-e61c-3383-b112-c0092855a1ad,a855314b-4fb5-37fc-8015-5caa96c928b1,Erica Kiehn,F,GENERAL PRACTICE,759 CHESTNUT ST,SPRINGFIELD,MA,011991001,42.121522049999996,-72.60300615153007,141,0
c4ad0f4d-1b5d-3101-ba4c-bbd3a941327a,48a6d3ab-50ef-349e-8945-2558a78f378e,Mercy Kuhlman,F,GENERAL PRACTICE,795 MIDDLE ST,SWANSEA,MA,027774114,41.730919,-71.208117,78,0
a5f2ae5d-0eef-3186-9415-8afbdf341859,0a8a4b11-d0b8-3cd2-92cd-983de5189cfa,Angelena Nicolas,F,GENERAL PRACTICE,111 BIRCH STREET,LYNN,MA,019021574,42.47859105,-70.93458444045801,53,0
c218a075-58bb-38a4-8246-54a3f704b7ee,bea92616-0fee-39b9-9a23-42c6fd899f35,Ignacio Beier,M,GENERAL PRACTICE,10 ERLIN TERRACE,TEWKSBURY,MA,018762666,42.61292480142526,-71.24215126690858,1,0
b3ccaa1a-c3e6-380d-9854-656a072c59f2,7b7ce654-a413-37d1-9d34-97240c0ac580,Landon Kihn,M,GENERAL PRACTICE,1 WRENTHAM ST,BELLINGHAM,MA,020192532,42.025037350000005,-71.48945118224057,49,0
a60ed5e7-990c-34fd-904d-9457e057e347,95b01a7c-e16a-37d4-b354-c404baa00203,Saturnina Gibson,F,GENERAL PRACTICE,290 SOUTH STREET,PITTSFIELD,MA,012016824,42.440485002637104,-73.25677853480586,4,0
47d88180-dafd-3527-8df8-c82331a62624,7b20d1c4-c56b-3647-801c-5e4e13679073,Riley Prohaska,M,GENERAL PRACTICE,275 SANDWICH ST,PLYMOUTH,MA,023602183,41.94186605,-70.6455366462985,463,0
1fa64ddd-3c34-3028-ae15-81ada61fbf9e,281525ef-5743-34a8-9339-66c8b4be6668,Concepción Quintana,F,GENERAL PRACTICE,555 PLANTATION STREET,WORCESTER,MA,016052376,42.2907683,-71.7649752,3,0
8600ea6a-ebf0-3f2b-9b4d-5a6e8781e78d,3e97ce4f-3ad7-3cea-883f-e2bb4ca89d83,José Cedillo,M,GENERAL PRACTICE,30 NEW CROSSING RD,READING,MA,018673270,42.51809619399502,-71.0959083715027,99,0
09ba1e95-8c4d-3809-8d6d-199e2afc06d8,c60fc3df-9dbd-3f31-a456-41c84490266f,Lavonna Johnson,F,GENERAL PRACTICE,146 MAC ARTHUR BOULEVARD,BOURNE,MA,025323902,41.7412166,-70.5989196,13,0
7b2b1d74-25e6-37fb-a442-e1c2a208df14,c0132cf6-1703-3aad-89b4-cc2f2bbc123e,Lovie Schoen,F,GENERAL PRACTICE,66 NEWTON STREET,WALTHAM,MA,024536058,42.3746705,-71.22789736306842,15,0
b252020a-0ac3-3010-ab47-9f565a32cd1b,36d328a2-68bb-3967-a9bf-00897a7c945f,Lynn Rodriguez,M,GENERAL PRACTICE,299 WAREHAM STREET,MIDDLEBORO,MA,023462905,41.869676,-70.873384,13,0
e8156abd-db6b-3001-b245-873fdf315787,6d6ef57e-b2ce-3a69-bacf-4305c51834b0,Lesha Skiles,F,GENERAL PRACTICE,186 HIGHLAND AVE,SOMERVILLE,MA,021431507,42.38845955,-71.10666839512322,4,0
d5b08630-d11f-3adc-acc1-54e6c8f10ab2,a9f0c80c-2cc2-31ea-9ead-d13d373a6fe4,Mohamed Hartmann,M,GENERAL PRACTICE,140 PRESCOTT ST,NORTH ANDOVER,MA,018451826,42.7052468,-71.11780689673651,1,0
29603b99-75d4-3e0a-8fcf-6f1b0a7ff548,79d49935-bcc0-36ca-920b-45365c367438,Sherita Hudson,F,GENERAL PRACTICE,409 W BROADWAY,SOUTH BOSTON,MA,021272245,42.336831,-71.047958,87,0
3dbdc7e2-6299-3b9b-82df-1a1e4764f52e,0f2c58ec-5323-3c0f-9bdf-af0df7eb2a2b,Verónica Nieves,F,GENERAL PRACTICE,130 DORCHESTER STREET,SOUTH BOSTON,MA,021272642,42.3334312,-71.0494949,26,0
c44df4c0-03c8-3dc9-86ba-e9beffc70382,666c3e81-2ec6-3bff-9dcc-a704edd86960,Ivan McClure,M,GENERAL PRACTICE,770 CONVERSE STREET,LONGMEADOW,MA,011061719,42.0639853,-72.5521444,13,0
9276d427-6fb9-3c08-a8ed-f16bd4560b28,cc400ddc-c38d-3604-8d89-cea21555719f,Irene Kirlin,F,GENERAL PRACTICE,87 CHESTNUT ST,NATICK,MA,017603644,42.293559188306446,-71.35158050924959,13,0
bd649129-80df-3926-9aec-b2822e79b384,51370692-6296-3150-8672-559fc73f964f,Almeda Okuneva,F,GENERAL PRACTICE,75 FRANCIS ST,WEST BRIDGEWATER,MA,023791542,42.0219112,-71.019004,228,0
e50d4f95-e6b2-3ff3-bb23-05f7af063f7f,10dcd91e-6eda-385b-bafb-d5e1ae92dc34,Susanne Abernathy,F,GENERAL PRACTICE,677 W MAIN ST,HYANNIS,MA,026013493,41.652312699999996,-70.32027525205335,88,0
7041f84e-45c1-313f-95a3-dead7888a67c,362cc3af-dcb0-31d0-a2be-a5ba9d016aeb,Verónica Cervántez,F,GENERAL PRACTICE,629 SALISBURY ST,WORCESTER,MA,016091121,42.2932691,-71.8390048,4,0
b71404ca-2c58-357b-b1b3-ae2dff762b53,b5b380d2-df21-3389-abf0-08551c7e1f2d,Rueben Friesen,M,GENERAL PRACTICE,85 PATTON RD,DEVENS,MA,014344401,42.5304204,-71.61505519305638,59,0
70169b87-428c-307b-b98e-168b7f75da5c,b3312a2d-37e9-35a8-b50d-6c165c437baa,Lorretta Reinger,F,GENERAL PRACTICE,45 DIMOCK ST,ROXBURY,MA,021191029,42.32030665,-71.09721114916246,3,0
75077e00-5569-361b-bf2f-2749f6c3c4ea,2836d9ac-c6a6-39d1-8f13-fdf0fc8928f4,Carlton Koch,M,GENERAL PRACTICE,365 EAST ST,TEWKSBURY,MA,018761950,42.6069472,-71.2180803,106,0
500004eb-2336-3176-96c4-79a1a59a91df,7c625dc4-2593-31eb-95fd-6a912832b8bb,Ronny Braun,M,GENERAL PRACTICE,980 WASHINGTON STREET  SUITE 124,DEDHAM,MA,020266704,42.228918,-71.18501264023513,1,0
353de737-94a1-3b2f-b844-7ee1678ab65d,04b252db-4231-3cb5-963d-6f096fb4b97c,Horace Grady,M,GENERAL PRACTICE,1177 PROVIDENCE HIGHWAY,NORWOOD,MA,020625019,42.194543,-71.1994976,3,0
2480c731-a2d9-3d78-9e4c-e6c628aaba60,83579123-f29c-39b8-9f5f-8f79e91683c7,Hong Kassulke,F,GENERAL PRACTICE,100 CENTURY DR,WORCESTER,MA,016061244,42.3138278,-71.7707002,41,0
0d828220-963f-384d-8573-57bb3e9d5747,e2eab39c-5195-34aa-b35f-e89e37cfed01,Diana Pelayo,F,GENERAL PRACTICE,55 FOGG ROAD,WEYMOUTH,MA,021893141,42.175539799999996,-70.9539153674405,92,0
1bfaa3a7-7dbc-3f45-bf3e-1c4bf3659780,4fa8411f-42f8-3353-8947-bf15254c9dee,Lane Gutmann,F,GENERAL PRACTICE,90 GREENWOOD STREET,WAKEFIELD,MA,018804039,42.476321150000004,-71.06922169005762,8,0
fbfcc971-f429-3e60-a6f3-25ff986cb172,ca7b6c37-ddf1-3aa2-8bc4-d96cf3fa2fe6,Jennefer Hagenes,F,GENERAL PRACTICE,559 PLANTATION ST,WORCESTER,MA,016052350,42.291381799999996,-71.7630578363871,1,0
4c800b05-bc2b-37c0-bac6-45b3f037b506,a977feef-f585-3fa8-8deb-7e60fc2cab30,Kimbra Schulist,F,GENERAL PRACTICE,2314 MAIN STREET,TEWKSBURY,MA,018763128,42.58023655,-71.19367180835906,3,0
00de753d-7f2e-34a8-8ef8-0a89bdd26807,b411fd60-9bd5-30f1-99b4-c24a409964a1,Wanetta Schumm,F,GENERAL PRACTICE,42 ASBURY ST,SOUTH HAMILTON,MA,019821808,42.61322825,-70.87300675048934,60,0
33215ea5-2b91-31ee-8e3b-7cec1aef1713,1de7e7d9-9a7a-3a3f-bf4c-b4de450711f2,Vince Morissette,M,GENERAL PRACTICE,198 LITTLETON RD,WESTFORD,MA,018863429,42.564282,-71.42620615382347,17,0
bfc6fba5-0b53-32a3-bb01-f60103be4caf,4705a8fd-19cd-32c1-8b3e-34bcfe84d0bd,Jimmie Mayert,M,GENERAL PRACTICE,55 N WASHINGTON ST,NORTH ATTLEBORO,MA,027601607,41.983529,-71.332241,59,0
d7e3f67f-96fc-3ac6-aaa2-dbdb7123354e,497f39dd-280e-3d58-af5b-c5e3a3a09b10,Arden Bergstrom,M,GENERAL PRACTICE,27 PARK ST,HYANNIS,MA,026015230,41.65363635,-70.27352219234834,987,0
4b798ae4-7d60-374d-9675-1225afabb41e,accb8cdd-6560-3fef-b0a6-f12c3295026a,Gerardo Bergstrom,M,GENERAL PRACTICE,969 PARK STREET,ATTLEBORO,MA,027035115,41.9266899,-71.2611303145582,18,0
f575bc01-8a6e-3b7d-b824-0f384097ac9f,6618f4ef-656a-347f-b61e-ed4d6c21763a,Marc Greenholt,M,GENERAL PRACTICE,231 SUTTON ST STE 1A,NORTH ANDOVER,MA,018451620,42.70554405,-71.12856345,49,0
bd5073ae-3b34-3b78-be24-a44640673c5c,390a2aa4-70b4-3a64-a12f-9bd777834c8d,Evangeline Howe,F,GENERAL PRACTICE,710 MAIN STREET,HARWICH PORT,MA,026461931,41.669654699920855,-70.06169919459835,46,0
b5b09222-3f0a-3442-b8c8-15b45deeb658,18a96051-91f4-3cba-af96-056ea14dfee0,Gaston Grimes,M,GENERAL PRACTICE,25 HIGHLAND AVENUE,NEWBURYPORT,MA,019503872,42.81369325,-70.89091645747592,23,0
93109849-e065-36fa-ac6c-3ec213ef73b1,c2e93fb4-abf2-3210-b6ec-4d1ecb2b76f0,Francene Halvorson,F,GENERAL PRACTICE,62 BROWN ST,HAVERHILL,MA,01830,42.76512700000001,-71.04617174286321,45,0
80fd1ff3-59d0-393b-a45a-4a3f80fd67c0,1ab2b5f9-cb95-3236-beec-9b9d4a407c61,Carroll Eichmann,M,GENERAL PRACTICE,725 NORTH ST,PITTSFIELD,MA,012014109,42.4600752,-73.2492795834909,112,0
86196b81-fe8a-358f-bbc0-1057b23b4901,41e2a44c-477c-3511-96f9-12c476aa3b6a,Antwan Lindgren,M,GENERAL PRACTICE,85 E NEWTON ST,BOSTON,MA,021183553,42.336277100000004,-71.07085295687423,188,0
e29ef87f-6f2b-32d3-9143-b6378424e8e8,f00601d0-d49e-30ed-bc3e-314379f2103e,Elijah White,M,GENERAL PRACTICE,490 MAIN ST,MELROSE,MA,021763841,42.4550741,-71.0654799,20,0
8b43aeef-a4e3-3b8f-b01e-29ecaa6e8407,71a1e089-024e-3255-a536-9204586fa4fc,Millard Doyle,M,GENERAL PRACTICE,1 GORHAM IS,WEST YARMOUTH,MA,026733200,41.6501114,-70.2411312,2,0
8913fb2c-ad36-3f23-94a7-6e783540e503,5b0cd0a0-f277-3a66-bee6-d64b5be4a3f5,Waldo Hintz,M,GENERAL PRACTICE,725 NORTH ST,PITTSFIELD,MA,012015493,42.4600752,-73.2492795834909,288,0
8d57a63c-1d4f-3acc-bb26-97ee238b449c,b44955d1-f0e2-3beb-a013-708a81dbe430,Idella Runte,F,GENERAL PRACTICE,680 CENTRE ST,WEST BRIDGEWATER,MA,023791600,42.0219112,-71.019004,92,0
f6e1ad4a-0737-3eac-a6ed-0f0f4a02b09a,c1986c0c-f756-3596-8f90-08adacf220fe,Cristy Auer,F,GENERAL PRACTICE,73 CHESTNUT STREET,SAUGUS,MA,019061605,42.4573919,-70.9918055,4,0
742ae21f-03ba-37c9-bafd-268b217120d0,ad2dab07-4f85-3950-baaa-7c7cd2aa770c,Federico Kuhic,M,GENERAL PRACTICE,55 LAKE AVENUE NORTH,WORCESTER,MA,016550002,42.2774799,-71.76166994969458,9,0
c1d7405b-3027-3387-830a-8f0e9a5c0bb5,67d2f85b-ddc7-3ed0-b90b-6fa5b7b8358a,Norah Jenkins,F,GENERAL PRACTICE,43 FOUNDRY AVE,WALTHAM,MA,024538313,42.37050535,-71.21908334877376,37,0
264b19fa-7124-38af-acd0-8eaabb07c26c,1d45436f-15a9-326e-a452-2e9ffc9fc5e5,Odilia Mraz,F,GENERAL PRACTICE,75 SPRINGFIELD RD,WESTFIELD,MA,010851832,42.111428849999996,-72.71189899299209,34,0
06343440-7d88-31ca-8b4f-c10e5aed40fb,0d9b0d22-585e-3fd8-ab02-26b5be7915d1,Jean Koelpin,F,GENERAL PRACTICE,516 CAREW ST,SPRINGFIELD,MA,011042330,42.12133575,-72.59217953646302,913,0
43575c34-c607-311c-8bdf-cc9167866b46,2fb637d0-f66b-3554-858f-20386cab921d,Landon Gerhold,M,GENERAL PRACTICE,248 PLEASANT ST,METHUEN,MA,018447149,42.7401864,-71.17053059694246,11,0
2c51ee03-3a18-3f39-8435-9d4d702849dc,d3335d07-2a2c-35d7-9b87-c022393b6793,Nancie Lubowitz,F,GENERAL PRACTICE,137 NICHOLS STREET,NORWOOD,MA,020622009,42.1930792,-71.20868232395514,11,0
8ad9b7cc-d42d-30ad-8623-b02908187cdf,0d1570ab-371c-3898-9397-95905d8c5166,Jose Dicki,M,GENERAL PRACTICE,750 WASHINGTON ST,BOSTON,MA,021111552,42.3499038,-71.0631836,924,0
72213ff4-9e58-31e6-81eb-8b666acfd0df,1853aeef-5897-326a-80d6-aa4b0459eb6d,Jewel Kassulke,M,GENERAL PRACTICE,381 WICKENDEN ST,ATTLEBORO,MA,027032247,41.9438129,-71.2806515,18,0
9ccdc05d-8212-3642-8714-934ea218f098,bdaa3017-130e-34e9-b3ac-ca6d992e8b50,Jesenia Bednar,F,GENERAL PRACTICE,150 WATER STREET,HAVERHILL,MA,018306213,42.77508795,-71.07182802882255,10,0
0ad583d6-ab32-32ab-b59c-b6b1fb9f6463,22fa6d28-92b6-3446-a388-f5aba50debaf,Clarence Robel,F,GENERAL PRACTICE,123 CAPTAIN'S ROW,CHELSEA,MA,021504019,42.3917638,-71.0328284,1,0
411d836e-1abc-36b2-bfcd-8f6dfbe1229f,2ca615f3-87f7-3283-a447-d919a883b676,Isaias Dickinson,M,GENERAL PRACTICE,1399 WASHINGTON ST,HANOVER,MA,023391653,42.1441354,-70.8440854,17,0
4dcd4100-ca33-32a6-bdda-1c3dc228ad58,c0a33465-d309-3d2a-932e-9d554a7cc19c,Veronika Rogahn,F,GENERAL PRACTICE,100 CENTURY DR,WORCESTER,MA,016061244,42.3138278,-71.7707002,154,0
9edf31cf-3bd9-327f-a8d1-0f9dafadb2c3,0583e4f7-f1c2-3100-8e0c-d0decc7ef261,Jewel Howe,M,GENERAL PRACTICE,123 WATERHOUSE ROAD,BOURNE,MA,025323890,41.72840155,-70.58506829999999,48,0
1f211c8f-11f2-3453-beb8-b37ad464e2fa,ce81052f-7c77-3cd7-8c30-930339a79ceb,Mathew Cummings,M,GENERAL PRACTICE,363 ALBANY ST,BOSTON,MA,021182503,42.342456,-71.062887,80,0
0592eb25-3ed7-33fc-93b7-8aaeb9312929,7f32dd7d-5c35-3ddb-839b-8fbbb930d412,Tyron Littel,M,GENERAL PRACTICE,863 CENTRAL STREET,FRAMINGHAM,MA,017014813,42.30758060362541,-71.42846215724606,23,0
1df65e27-b87c-3b77-b7de-a5ae58527720,6450f09c-28fc-3815-abfb-62056b72e508,Kory Dicki,M,GENERAL PRACTICE,20 RESEARCH PL,NORTH CHELMSFORD,MA,018632455,42.6389798,-71.3828403,14,0
ccb566ab-105d-3595-922d-2e171463bf16,0a689d33-2b0d-3942-8de8-e28812e91c69,Clora Pagac,F,GENERAL PRACTICE,47 SEAVERNS AVE # 5,BROOKLINE,MA,024463806,42.3317642,-71.1211635,37,0
76a030cb-014d-39e3-8551-cf89c79650ef,cac6f8b3-eafd-31b3-9fa3-8015752ccc2c,Homero Ibarra,M,GENERAL PRACTICE,123 SUMMER ST,WORCESTER,MA,016081216,42.26496835,-71.79655403681465,60,0
e53537fa-3272-3087-921a-88241dec8523,bb867d36-0c8d-33b4-b19c-a8c026655b6c,Lahoma Macejkovic,F,GENERAL PRACTICE,200 KENDALL ST,SPRINGFIELD,MA,011042532,42.12161175,-72.57784860231564,2,0
54bd25e0-9b7e-3388-82eb-65c1e9303ff1,1b3fe590-8793-3f08-865d-01fc425a84d4,Germán Cabán,M,GENERAL PRACTICE,1340 BOYLSTON ST,BOSTON,MA,022154302,42.34392675,-71.09888049065322,30,0
78526bcc-185d-33c9-b294-f5a1c19ddfe7,0be0e035-8dad-387e-bbdd-a5a469c4311f,Tyler Howe,M,GENERAL PRACTICE,480 MAPLE ST,DANVERS,MA,019234065,42.584178050000006,-70.97197467750539,32,0
8d72a546-0c1a-3602-9222-144299b7fa2c,3f12ebb4-e03c-3453-88d2-4fc9682383df,Irina Stiedemann,F,GENERAL PRACTICE,726 COUNTY ST,NORTH DARTMOUTH,MA,027473603,41.6389926,-70.9703171,107,0
60afcb8a-2380-3bae-8a1e-4367a05bb5e0,a9fc7aa5-d3b3-314d-9cf7-af29051d3dd9,Olevia Hermiston,F,GENERAL PRACTICE,1193 SEA STREET,TAUNTON,MA,027803960,41.8946107,-71.11113,12,0
5265d6cf-78a9-3c74-a473-f3b702540db0,477c3c1a-ba1a-3102-8a91-56624ba236e4,Denver Davis,M,GENERAL PRACTICE,642 BOSTON POST RD,SUDBURY,MA,017763302,42.36142375,-71.44123077142632,2,0
9ee2d916-798a-3297-bb4e-d38f9a922279,8af3b144-0e1a-3c90-937d-81a4ed026080,Guillermo Fay,M,GENERAL PRACTICE,800 WASHINGTON STREET,NORWOOD,MA,020623489,42.1886973,-71.2005241,315,0
33bc03d3-5135-3460-9080-cbd3721a42b8,125eccb3-d003-34ea-9bd8-360dff059782,Rolande Gerlach,F,GENERAL PRACTICE,125 PARKER HILL AVENUE,DEDHAM,MA,020266146,42.2489143,-71.1755732,42,0
03d79be2-37ed-3135-9523-6acee7c39126,b242f971-3c74-3778-b148-81366c1e6a3f,Jaquelyn Bernier,F,GENERAL PRACTICE,10 CAREMATRIX DR,DEDHAM,MA,020266149,42.2270762,-71.17237295563174,8,0
408781cd-d3c0-3b66-82cb-5c29f08f68dc,e8d0fea4-45cb-32d3-8798-0fe6156c4409,Dannie Howell,F,GENERAL PRACTICE,265 ESSEX STREET,BEVERLY,MA,019151958,42.56513015,-70.86168781456092,1,0
686ac782-c836-39b6-b49e-fe32463e7349,e5b9db6a-8dd8-3622-b9ce-3dc593e111d1,Carmelita Tromp,F,GENERAL PRACTICE,1223 BEACON ST STE A,BROOKLINE,MA,024465332,42.3430087,-71.1170155,14,0
8eeca0f8-580a-3b66-8afa-8ac50c58f4e5,e92dad8b-f485-315a-8fc4-1d7adfdc9c00,Ramiro Anderson,M,GENERAL PRACTICE,581 FAUNCE CORNER RD,DARTMOUTH,MA,027471242,41.676111381167445,-70.98788528176077,5,0
da31dbfe-4b65-34eb-8705-8fd0cdeb8d94,aad05540-c9cb-3805-b3c4-f9b9d9b42b2e,Quentin Fritsch,M,GENERAL PRACTICE,821 E MAIN ST STE 3,CHICOPEE,MA,010206306,42.155774795300516,-72.55672263289513,162,0
5f66d8fa-7af6-33a3-a87b-cf0d0b07c2a9,2e73956a-942f-36f3-b88c-f88e782e578f,Elli Boyle,F,GENERAL PRACTICE,790 TURNPIKE STREET  SUITE 202,NORTH ANDOVER,MA,018456138,42.661547049999996,-71.10774565195425,1,0
91f09871-26df-3907-8d9a-3874c637a859,eea92149-820f-301f-911e-b170e8312842,Julio César Laureano,M,GENERAL PRACTICE,123 SUMMER STREET,WORCESTER,MA,016102177,42.26496835,-71.79655403681465,49,0
37bd3a47-e39c-3dea-aef7-b69a494bbe68,19a3afba-b409-3650-a0ab-f3faf6e391ef,Patrina Strosin,F,GENERAL PRACTICE,199 REEDSDALE RD,WALTHAM,MA,024511433,42.3756401,-71.2358004,101,0
4507988b-baee-3fbd-9ef2-1d5236bf0701,0e9d0119-1157-35a0-8bb5-7e0aa3041928,Kari Trantow,F,GENERAL PRACTICE,1049 MAIN STREET,SPRINGFIELD,MA,011032114,42.09977055,-72.58470990760483,8,0
2225fb8a-db47-3c70-85e5-17386967a17d,5de0661c-5943-365b-93c7-8ab84e1df09c,Delbert Carter,M,GENERAL PRACTICE,28 LINWOOD RD,LYNN,MA,019051638,42.4703546,-70.964796190519,1,0
cefafde6-76bb-3559-879d-d7296a33881e,76b7dbb5-0a02-32a4-9a01-3511f7e45016,Jerrold Satterfield,M,GENERAL PRACTICE,59 COUNTRY WAY,SCITUATE,MA,020663746,42.1806871,-70.74862935148246,15,0
71ad19b4-a6b2-3284-8d22-18498e86bf04,b826cbda-f69b-32d0-9e6e-edcb80f692bb,Kisha Beahan,F,GENERAL PRACTICE,169 VALENTINE ROAD,PITTSFIELD,MA,012013042,42.45821049070386,-73.27683573566691,39,0
ff219a5f-557a-3b99-9fb9-fad26df1c159,25c85bcc-7e25-36bc-89e8-08e0d473db23,Sharron Okuneva,F,GENERAL PRACTICE,138 S MAIN ST STE 14,MILFORD,MA,017573272,42.1270746,-71.51639128815474,224,0
b318c9bf-87cc-36b6-a06b-836431208cfe,b90ee64e-4559-32db-97d7-0341740a71f1,Thanh Cartwright,M,GENERAL PRACTICE,123 SUMMER ST,WORCESTER,MA,016081216,42.26496835,-71.79655403681465,60,0
a377a9b1-180d-3e79-af99-d17e0670e1c9,d9b71ccf-6649-3555-9e99-44eac0af257f,Darlene Collier,F,GENERAL PRACTICE,655 DEDHAM ST,WRENTHAM,MA,020931135,42.084901,-71.30689224201797,7,0
49eb3233-70f7-33a8-8f28-fee19a6c8202,81991e0d-8034-36c8-be5c-624b44cb67de,Jamie Predovic,M,GENERAL PRACTICE,76 NORTH ST,MIDDLEBORO,MA,023461619,41.9014651,-70.91375666607357,1,0
e86f6b79-d8f1-3da7-9229-7ecdae8f8a27,e68de1a0-767e-3466-b9a6-43948ee073d3,Gene Ratke,M,GENERAL PRACTICE,160 WELLS AVENUE,NEWTON,MA,024593302,42.29337605,-71.19806353028767,20,0
56db05cb-15ae-3e1e-89ed-8b475d15abd1,2fb77691-5353-358a-bc94-90af77dd654b,Donnell D'Amore,M,GENERAL PRACTICE,200 GROTON RD,AYER,MA,014321168,42.577352149999996,-71.57414587343038,154,0
260425b7-f27c-3489-adb7-3ccb7ae5ffe8,1cec4304-9757-3a10-ad4f-7e2090c56131,Eugene Rohan,F,GENERAL PRACTICE,55 LAKE AVE N,WORCESTER,MA,016550002,42.2774799,-71.76166994969458,33,0
077cc377-5ff2-3ea0-bcaa-fb413d189270,ec7e487e-7e78-3eac-a9ee-37f8de98a0f9,Marlene Hammes,F,GENERAL PRACTICE,277 WASHINGTON STREET,ABINGTON,MA,023512489,42.10060947239023,-70.94967338146704,9,0
4afcf34f-b876-3164-95c3-4dd491327352,ad482681-b4c4-3fce-ac59-78c83d31b0ba,Carmelo Turner,M,GENERAL PRACTICE,130 CHESTNUT ST,FRANKLIN,MA,020383903,42.08345955,-71.38413379825735,2,0
bf92b85a-8bf0-37b5-9a63-2ecd155263e8,471f7ca2-38f8-3080-8109-187c73ec0b1f,Reginia Johnson,F,GENERAL PRACTICE,27 CONGRESS ST,SALEM,MA,019707308,42.518722068313224,-70.88940635956651,89,0
fe2e1eba-d38e-3de3-94ca-d00638aba19f,a5577e5c-b886-37a0-8eee-8ff6feb7ea6b,Synthia Keebler,F,GENERAL PRACTICE,330 MOUNT AUBURN ST,CAMBRIDGE,MA,021385502,42.3741033,-71.13417575971958,148,0
b836bbbd-ca6f-3b30-a930-7de76aabf7e8,20df65a4-7567-3066-b680-0f71b0c31d38,Rayford Bashirian,M,GENERAL PRACTICE,242 GREEN ST,GARDNER,MA,014401336,42.58685735,-71.98748072431209,41,0
48e01e0e-0748-3183-9061-f11c143aa345,5581e43d-0463-3a0b-afc7-a60aea5ac96c,Benita VonRueden,F,GENERAL PRACTICE,57 RIVER RD,ANDOVER,MA,018101144,42.69112645,-71.19636086287642,65,0
41438a24-b0a5-31a3-b1ee-f2325548bee9,7dcab1ad-0e13-3700-9eb0-70767c5e2b55,German Wilkinson,M,GENERAL PRACTICE,1515 ALLEN ST,SPRINGFIELD,MA,011181803,42.095299499999996,-72.50943136142334,6,0
2576c02a-2ec8-3933-8819-a9abc5183c07,8269bd00-d9ff-3bda-a585-9587bc1d330b,Arlie Jacobson,M,GENERAL PRACTICE,223 SWANTON ST,WINCHESTER,MA,018901968,42.4616579,-71.13927131946744,3,0
562880cb-698b-321c-ac9d-050929796c5d,9485907a-9f9c-3c19-a424-b402ee8f99c2,Lavern Bogisich,M,GENERAL PRACTICE,101 PLANTATION STREET,WORCESTER,MA,016043025,42.258026400000006,-71.78384882397785,9,0
2f0ba989-ed18-3344-bf21-415fbb401835,e7722de2-0e62-3dc9-a163-a7003956673b,Weldon Lockman,M,GENERAL PRACTICE,1 EDGEWATER DRIVE  SUITE 103,NORWOOD,MA,020624669,42.16153305,-71.20162617190071,67,0
d6c86957-3b3d-3d0d-96b1-ebde54966b46,9b8a7a25-b923-3710-9f3c-d42919a3f54f,Kayce Ondricka,F,GENERAL PRACTICE,146 MAIN ST,MAYNARD,MA,017542651,42.4309786,-71.4552968,50,0
c93524a9-4880-3d21-9dc8-9ae6cfee7da6,62b55e5b-b58f-354d-8f2d-f2a330bc619e,Paz Gerlach,F,GENERAL PRACTICE,201 HIGHLAND ST,CLINTON,MA,015101037,42.42738865,-71.69329092351188,127,0
f4d01913-1559-399b-bf83-0618d83ccdf4,9656a864-3b93-356f-9fa6-d7988e249977,France Feil,F,GENERAL PRACTICE,950 N MAIN ST STE 203,RANDOLPH,MA,023683064,42.1871612,-71.0568102,10,0
e964374c-f416-3a75-a517-117309ebe48f,4eddfa13-f996-3048-9bbc-541b0a29038a,Annelle Schmidt,F,GENERAL PRACTICE,736 CAMBRIDGE ST,BRIGHTON,MA,021353601,42.348649949999995,-71.14799584850206,38,0
9e59f6e3-c524-37aa-bd53-1e17f86bd5eb,845fbd9b-2d1c-39a8-8261-28ae40e4fab2,Bennett Rippin,M,GENERAL PRACTICE,14 PROSPECT STREET,UPTON,MA,015681431,42.1700209025178,-71.59409308099494,792,0
c1f6b78b-a56c-3d88-b9a9-c4a16d567f6e,bac9dc0c-cb0f-3fa6-aa12-819dd0fb922a,Nicholas Greenfelder,M,GENERAL PRACTICE,1493 CAMBRIDGE ST,SOMERVILLE,MA,021452935,42.3875968,-71.0994968,172,0
42c37aaa-16e8-3026-8eb6-3931357636e5,84d5768f-3a21-3da9-aad2-bbf7a3ae2700,Elba Schneider,F,GENERAL PRACTICE,817 MERRIMACK ST,LOWELL,MA,018543548,42.650296999999995,-71.32263756223612,16,0
4f69a1b0-7d4b-3fb0-b6ab-1523387659a6,9ce6072b-d039-3cde-8eaf-950211b8ae88,Saul Ratke,M,GENERAL PRACTICE,147 S MAIN ST,MIDDLETON,MA,019492446,42.585787222720036,-71.00861442427218,12,0
bb44027e-e0ca-3644-ba25-9998c169ee0e,af8566eb-8918-3ec7-ba44-92b6a2cf8097,Madelaine Walker,F,GENERAL PRACTICE,81 HIGHLAND AVE,SALEM,MA,019702714,42.5112107,-70.90516241826194,808,0
f5832632-2509-3ad6-9676-115ff3d735ba,d4a03501-69f6-3a89-ac27-ed25976fdb6f,Virgen Hyatt,F,GENERAL PRACTICE,25 WOODLAND ROAD,STONEHAM,MA,021801705,42.450448800000004,-71.09076944938434,1,0
b3bf0d8f-e506-3535-bf71-a4bf10219f3f,4058ca7b-c48b-3aaf-8de9-fc421f6a9e1c,Margarita Henríquez,F,GENERAL PRACTICE,199 ANDOVER STREET ROUTE 114W,PEABODY,MA,019601630,42.5278731,-70.9286609,1,0
121a0f7f-64c6-3efd-8435-c2299d90ab87,ecd3b321-0a8a-3ce6-81f0-982dd77fce43,Hunter Lesch,M,GENERAL PRACTICE,25 HIGHLAND AVE,NEWBURYPORT,MA,019503867,42.81369325,-70.89091645747592,211,0
e39a195a-2722-33fb-a871-e9d20516541b,c762a0ef-bfba-3261-b90c-4059f7bcc87d,Jerrod Cormier,M,GENERAL PRACTICE,160 MAIN STREET,WALPOLE,MA,020814037,42.168752850000004,-71.23027591232932,1,0
0d6f7aa7-dbf1-33ea-9930-6e9d168799a8,42c13743-f36f-370a-a5ca-3e3c9795e02d,Tiffani Toy,F,GENERAL PRACTICE,17 CHIPMAN WAY,KINGSTON,MA,023641039,42.0115267956362,-70.78988939618995,3,0
23126eef-48e1-3673-8b96-4a00d6df4051,a036cdf2-bbc5-3ffd-987f-56e437fd8b74,José Luis Tejeda,M,GENERAL PRACTICE,265 N MAIN ST,SOUTH YARMOUTH,MA,026642083,41.680980000000005,-70.18292625685085,23,0
4c920873-ed51-3d44-93a8-fbd6f75073f3,615416de-5217-3c11-9828-2d4bacd1d9cb,Brooks Williamson,M,GENERAL PRACTICE,434 ROUTE 134,HYANNIS,MA,026011854,41.6753274,-70.309939,1,0
b17a6bc7-ebd2-3052-983a-1998d11ab016,9a20d707-68e4-32c0-b2b2-2f5d5c2012cd,Gerard Pouros,M,GENERAL PRACTICE,131 CAMBRIDGE ST STE 1,BURLINGTON,MA,018033711,42.50284395,-71.19574553661971,41,0
8fed4263-b555-3068-900d-901fdec195d0,8887c942-34a1-3087-a4b3-81dcd1bd9f36,Joel Pollich,F,GENERAL PRACTICE,1199 JOHN FITCH HWY,FITCHBURG,MA,014202026,42.59851915,-71.7934564896979,1,0
0fbb650a-14b8-32ad-9cfe-46a071c37af7,f90ef475-defe-363d-a926-573b38f804a2,Kristopher Schiller,M,GENERAL PRACTICE,54 HOPEDALE ST,HOPKINTON,MA,017481672,42.2288875,-71.5196439,13,0
a6c8d750-9c7e-34e6-9275-c1177d81a91a,a25107f7-f4f5-36fc-98e4-f3e1b5875c91,Yesenia Wilderman,F,GENERAL PRACTICE,1285 BEACON ST,WOBURN,MA,018012157,42.4979478,-71.1684508,14,0
1b32d304-d44b-3d7c-99e9-23381f3530ce,0e6c3ad1-24c1-34cb-bb6d-e8438fa319e2,Vern Casper,M,GENERAL PRACTICE,50 DODGE ST,SWAMPSCOTT,MA,019071300,42.4699241,-70.9171507,9,0
38f1c7b7-0dcf-3b87-b03a-bb47be7fa7c5,3695125c-c052-3ece-898a-2a6448987ae5,Sean DuBuque,M,GENERAL PRACTICE,2040 BOSTON RD STE 5,WILBRAHAM,MA,010951380,42.150295650000004,-72.47288272264812,2,0
407ec10b-f1a2-340a-901e-d6932bf0ec90,05fcf001-ab24-3d7d-85f7-f64942d82738,Leonarda Schumm,F,GENERAL PRACTICE,250 POND STREET,FRAMINGHAM,MA,017014592,42.2838619,-71.4093719,891,0
cd84e5fc-f6f9-3715-9159-464a76818cf7,7e6db51f-7c1b-3555-9e1c-6269ba6d704d,Jacque Streich,F,GENERAL PRACTICE,120 STAFFORD STREET SUITE 206,WORCESTER,MA,016031461,42.239638,-71.8443785891577,3,0
32be7086-6a7a-3237-b127-6659cd7638bd,83769f98-fff3-3535-8781-6ace5957136f,Emilia Breitenberg,F,GENERAL PRACTICE,115 NORTH AVENUE,ROCKLAND,MA,023702129,42.13496385,-70.92237824494691,12,0
e8939146-1c78-3396-82cb-44841f6287ee,e7b77e8f-b607-3273-aef9-ad1bca48813f,Ivonne Turcotte,F,GENERAL PRACTICE,209 W CENTRAL ST STE 216,NATICK,MA,017603716,42.28202598359604,-71.3899479380402,42,0
0389d854-f3a5-308e-a73f-4c1724f0fc30,05cd3fbb-08ce-38bf-b680-721a3e902d43,Lita White,F,GENERAL PRACTICE,9 WARREN CT,SALEM,MA,019703163,42.51586993877551,-70.90514912244899,58,0
b981669c-72f5-3711-a84e-be4ca4337259,0e3a24c3-b772-3059-b3fd-8a4710068a82,Malka Gerhold,F,GENERAL PRACTICE,416 BROADWAY,RAYNHAM,MA,027671737,41.940680799999996,-71.07864352196617,14,0
e50babe4-ff2e-3c48-a60e-8aaa22c48e31,f68ebf98-ba5b-35af-b2bd-da56cc5b13be,Diana Martínez,F,GENERAL PRACTICE,270 LITTLETON RD STE 22,WESTFORD,MA,018863524,42.5569148,-71.4366336131239,1,0
799a35ce-9bcc-3db3-87bd-032ab3cf62fa,d24e558b-6659-3c62-bfa7-938aa245c8a8,Francisco Crooks,M,GENERAL PRACTICE,4 COURTHOUSE LANE SUITE 1-3,CHELMSFORD,MA,018241737,42.62439345,-71.35881000636567,32,0
b309d440-04a8-3b0d-92ca-a977daed3fee,9adfae03-673d-365d-9052-f705098fa3e4,Sharilyn Wolff,F,GENERAL PRACTICE,51 BLOSSOM ST,BOSTON,MA,021142699,42.36305545,-71.06643399281765,209,0
3cfcfa84-bdd4-3619-95b8-93b2d7ddc45f,25431f9a-00e4-36d8-9810-4125328eec50,Paris Ruecker,M,GENERAL PRACTICE,55 FRUIT ST,WALTHAM,MA,02451,42.3756401,-71.2358004,8,0
8aeb4958-f2a5-38ba-aa1f-9a3908ce490f,89171335-b9c0-3326-98d6-a837d432b9fd,Vicente Alonzo,M,GENERAL PRACTICE,150 FLANDERS ROAD,LYNN,MA,019042915,42.466763,-70.9494939,236,0
fb7cef69-e4b8-3c29-8425-da2daaff5763,7cd7fc5c-3fa7-3b6e-b3c9-0dbaec2a3470,Frederica Roberts,F,GENERAL PRACTICE,505 FRONT STREET,CHICOPEE,MA,010133140,42.14871685,-72.59756969862315,79,0
d4ae85ae-7651-3e63-b38e-31518f925f15,01bde980-bf89-3138-8912-7360dff33247,Bradly Lang,M,GENERAL PRACTICE,456 PARK AVE,WORCESTER,MA,016101254,42.25512735,-71.82580924803523,15,0
f8867bf8-09e9-307a-a3b9-68c014d4ca1a,217cb6f6-e822-3831-9d9d-ffa104971042,Cira Jakubowski,F,GENERAL PRACTICE,2 REHABILITATION WAY,WOBURN,MA,018016003,42.46352265,-71.161925472006,174,0
c923b3f7-4d14-3cc1-823d-f2923b3a095b,8a6e21d0-da20-3378-8176-4e5ad2b51983,Wes Torphy,M,GENERAL PRACTICE,84 ELM STREET,HOLLISTON,MA,017462138,42.20234485,-71.42493275079366,16,0
38845f2f-8139-3637-a32c-135ee3f45cc4,4e56c7ec-99e5-3023-8e4f-95ad18a03f06,Duane Bosco,M,GENERAL PRACTICE,28 RIVERSIDE DR STE 101,PEMBROKE,MA,023594947,42.11004715,-70.77534154695786,40,0
de142066-745d-3b6b-a51a-ac8f3299b327,e2a8b444-9b8f-36ff-84c4-05ee98589482,Francisco Gusikowski,F,GENERAL PRACTICE,8 SHIPWAY PL # C-8,CHARLESTOWN,MA,021294301,42.3778749,-71.0619957,161,0
ef137b97-b3e3-3aaa-ba7f-dc0e731a7b96,121b0ad1-1beb-3caa-9271-3d3f726bb727,Cortez Price,M,GENERAL PRACTICE,1030 MAIN STREET,WALTHAM,MA,024517447,42.375828,-71.2527956,60,0
f4ff2bce-6570-3f9a-996c-8d2dfeb3b7e6,db60692f-cbef-315b-9fce-38a7f015c482,Aurelio Hilpert,M,GENERAL PRACTICE,72 SHARPE STREET,SCITUATE,MA,020664534,42.1939754,-70.7697128,37,0
ba8fbfe7-82e0-340a-9cf4-e932cb2d5045,9ba25035-53e5-344b-9b9e-94331a58d1d4,Lucilla Schultz,F,GENERAL PRACTICE,420 MAIN ST,WALPOLE,MA,020812553,42.161882199999994,-71.2388707178431,56,0
e7c9a5d5-e478-367c-bf5e-2f6f06346ee3,0a2252ba-33de-322f-8f0a-e5b0141f1780,Hue Block,F,GENERAL PRACTICE,632 BLUE  HILL AVENUE,DORCHESTER,MA,021213213,42.2941088,-71.0885355,34,0
7a0663af-2a14-3802-b012-9710828baf34,f6ba791e-fe68-3596-bef4-60751db6a60e,Cleo Crooks,M,GENERAL PRACTICE,37 BIRCH STREET,MILFORD,MA,017575501,42.1424349,-71.48943173357203,34,0
7cdd5536-95b2-3af2-bbcb-8efc69214705,5aa5bbc8-a339-300d-abc2-3c85bf4b5068,Sharee Prosacco,F,GENERAL PRACTICE,8 COLONIAL DR,WESTBOROUGH,MA,015811407,42.2727712,-71.60893826083459,1,0
5301a9ae-ff15-3541-9a3b-64bd041fabd1,e1892a2c-6dca-3c4c-93b7-0e00a9eb8b61,Derek Erdman,M,GENERAL PRACTICE,20 EAST ST,HANOVER,MA,023391638,42.1278249,-70.82664947485381,103,0
fe818f54-f0af-387b-976e-02f239a2640e,67cade01-dcfe-37b7-8e2c-b712d9e6fbba,Lelah Wintheiser,F,GENERAL PRACTICE,694 MAIN ST,HOLDEN,MA,015201862,42.3406819,-71.8390289,115,0
ffbba1f6-5419-3117-afcf-e9d45017736c,11a40a26-a5a3-331d-aef0-d06dd90e2b4e,Jacinta Wintheiser,F,GENERAL PRACTICE,10 OSTERVILLE WEST BARNSTABLE RD,YARMOUTH PORT,MA,026752000,41.7020544,-70.249465,57,0
c51981ca-7a47-3e11-b8ec-7ac6a7468f6b,b954c464-11ea-312b-a3f8-1350775bfa54,Hortensia Walker,F,GENERAL PRACTICE,123 CAPTAIN'S ROW,CHELSEA,MA,021504019,42.3917638,-71.0328284,2,0
33b525f0-7b47-325e-80be-891f16dcb3fe,9f368e75-397f-3d77-a317-9a005512a4e2,Alta Pfannerstill,F,GENERAL PRACTICE,381 PARK AVE,WORCESTER,MA,016101026,42.2583962,-71.82204240042036,42,0
5cc4d7d6-d23e-3a12-92e6-05fe8b69031f,7cb70963-6f86-3eab-a12b-88deb31de793,Katelynn Ledner,F,GENERAL PRACTICE,18 DANA HILL ROAD,STERLING,MA,015642414,42.4106904,-71.7976286731579,8,0
3eefc2ac-cf58-3971-a286-7287ce844c7a,95f6c328-96dd-3fb8-a56e-9aad566094b4,Milda Schoen,F,GENERAL PRACTICE,4 STONY HILL ROAD,WILBRAHAM,MA,010951027,42.1552861,-72.48384800788648,14,0
955d35af-1a68-3d39-af1c-b82b44254202,6d16a8e3-3569-38ab-afac-a2f8c1125085,José María Carrasco,M,GENERAL PRACTICE,1010 WALTHAM STREET,LEXINGTON,MA,024218052,42.4139392,-71.22929265883278,1,0
aef7c200-2f8a-3e44-a08c-092f63563929,91808f17-7583-32a3-aa55-23b131b327c7,Jospeh Wunsch,M,GENERAL PRACTICE,200 CORDWAINER DR,NORWELL,MA,020611671,42.16352995,-70.8846291501739,58,0
10dbbff7-d899-3909-876b-57a0788426d8,587f07bd-7d69-3291-9aea-abef74f30045,Pearl Davis,F,GENERAL PRACTICE,228 ALMONT ST,MATTAPAN,MA,021261487,42.2805395,-71.09839825,20,0
b593a0e2-beff-3d88-9e00-c1d452b4732a,76baa51d-0d0f-359d-a07b-7b999a43d42e,Dong Gibson,F,GENERAL PRACTICE,101 STATION DR STE 240,WESTWOOD,MA,020902336,42.20728361922244,-71.15698168263435,19,0
4aaad7ca-6663-3ddb-aea6-73c86e578237,e0584fe3-c4f7-33c7-986b-2568383d7307,Candelaria Blanda,F,GENERAL PRACTICE,120 MAPLE ST STE 303,SPRINGFIELD,MA,011031930,42.1064397,-72.63777529283192,24,0
1a367410-d120-3f42-ac97-b8f375aa4025,4d780f61-40cc-3bcb-822b-cb51d398966f,Asley Stiedemann,F,GENERAL PRACTICE,5 GAMELIN ST,HOLYOKE,MA,010404080,42.1642525,-72.63755321877633,1,0
98d88391-699d-31e5-89a4-31cc5bbf51f2,53f086de-2fc7-3d35-92c2-aca4ed944e7f,Carisa Kutch,F,GENERAL PRACTICE,1 GENERAL ST,LAWRENCE,MA,018412961,42.7097143,-71.15007700778098,200,0
85ae9cf4-21e1-3203-b516-4dd4702d398d,de2ceae4-ddad-3174-9a1b-f32ea37e53f8,Quinton Jaskolski,M,GENERAL PRACTICE,107 LINCOLN STREET,WORCESTER,MA,016052431,42.276415099999994,-71.79469158738553,3,0
5f72cbba-b167-3060-adba-f28f92705d3c,c05d73d0-b348-32ce-9fe5-13a720950f37,Amalia Escobar,F,GENERAL PRACTICE,45 DRUM HILL RD,CHELMSFORD,MA,018241503,42.6255635,-71.3615131,4,0
6899ffd1-2c17-342f-b777-19a672878316,ac0fde88-b0ad-3388-a4a8-b8fc2a4f4af2,Lloyd Wuckert,M,GENERAL PRACTICE,150 YORK STREET,STOUGHTON,MA,020729105,42.144646800000004,-71.09875876961266,4,0
dd2e6892-4bf5-3833-9248-62d205c894e2,0e061004-bcc0-3e99-a237-d700823e817b,Cesar Lehner,M,GENERAL PRACTICE,570 BALDWINVILLE RD,BALDWINVILLE,MA,014361351,42.5953045,-72.07447782689232,53,0
f974b3ad-63cd-325e-820d-436e712a8c25,d70d47dc-b40c-3a04-8342-35cbfe716409,Lakenya Hilpert,F,GENERAL PRACTICE,83 LITTLEFIELD RD,NEWTON,MA,024593010,42.3104327,-71.18883283411856,79,0
42691b60-c296-3247-8e94-a34052d03adf,de3cc142-803a-3ed4-8945-75ec88a84784,Kory Trantow,M,GENERAL PRACTICE,51 HOSPITAL ROAD,BALDWINVILLE,MA,014361215,42.6108483,-72.0608364,15,0
6dd85eaa-27a1-3044-a414-2698eadb9126,047f6113-bd42-353b-8368-cf2352868915,Kamilah Schimmel,F,GENERAL PRACTICE,62 WALNUT ST FL 2ND,WELLESLEY,MA,024812109,42.2964859,-71.2925571,29,0
55469b1b-5dfd-342b-b611-b4876bcea4a9,0592d4e5-a0fb-3143-83cd-8e5a6b066a96,Mica Lemke,F,GENERAL PRACTICE,20 EAST ST,HANOVER,MA,023391638,42.1278249,-70.82664947485381,240,0
fda17e0c-4eba-3d8b-a461-eb22a4459e76,6b9c5830-a278-38ff-887f-ccefd74cf8e8,Fawn Hettinger,F,GENERAL PRACTICE,184 LINCOLN STREET,NORTH EASTON,MA,023561799,42.06665855,-71.11947646404934,1,0
222746cf-9c8e-3972-b929-02f365404a49,6aae7a31-90df-3455-ad8d-81f8cf2d21e8,Emilio Pantoja,M,GENERAL PRACTICE,680 CENTRE ST,BROCKTON,MA,023023308,42.0872752,-70.9910738855076,666,0
