Practitioner NPI,Name,Organization NPI,Code,Specialty
487578152845,Dr. Amado Witting,236352673640,provider,GENERAL PRACTICE
335844397420,Dr. Arden Bergstrom,425994251852,provider,GENERAL PRACTICE
535532286902,Dr. Gabriel Reilly,519433870275,provider,GENERAL PRACTICE
790236557637,Dr. Anderson Lemke,386824400340,provider,GENERAL PRACTICE
921855210325,Dr. Rolland Turcotte,185856143542,provider,GENERAL PRACTICE
902494840817,Dr. Nickolas Schumm,141017370400,provider,GENERAL PRACTICE
713973491713,Dr. Cortez Price,709711224382,provider,GENERAL PRACTICE
905089800802,Dr. Lita White,742362213585,provider,GENERAL PRACTICE
326727389845,Dr. Trevor Walker,215570296847,provider,GENERAL PRACTICE
173672758405,Dr. Kimberlie Kertzmann,565026147593,provider,GENERAL PRACTICE
639212154199,Dr. Eufemia Casper,324782119047,provider,GENERAL PRACTICE
777911558702,Dr. Del Nicolas,625681936585,provider,GENERAL PRACTICE
198321262886,Dr. Katerine Wunsch,945512929224,provider,GENERAL PRACTICE
865363774754,Dr. Courtney Kihn,736584438149,provider,GENERAL PRACTICE
427942873990,Dr. George Haley,556005905735,provider,GENERAL PRACTICE
119371166264,Dr. Raymon Block,836621929999,provider,GENERAL PRACTICE
566912302551,Dr. Logan Fisher,454269821000,provider,GENERAL PRACTICE
454717105826,Dr. Mickey Borer,563756270845,provider,GENERAL PRACTICE
285022339671,Dr. Jamey Graham,172688171742,provider,GENERAL PRACTICE
430925462074,Dr. Bennett Rippin,987118696272,provider,GENERAL PRACTICE
524761434165,Dr. Landon Kihn,678779436097,provider,GENERAL PRACTICE
761672376535,Dr. Kirstin Bashirian,420730968067,provider,GENERAL PRACTICE
429341945767,Dr. Simone Ratke,971623108443,provider,GENERAL PRACTICE
465650289305,Dr. Eleni Franecki,297359629497,provider,GENERAL PRACTICE
627902903172,Dr. Mana Boehm,145571853872,provider,GENERAL PRACTICE
269966346679,Dr. Jamel Hudson,141991996729,provider,GENERAL PRACTICE
813056474588,Dr. Jose Dicki,252897613695,provider,GENERAL PRACTICE
750694997727,Dr. Lynwood Ratke,145172351539,provider,GENERAL PRACTICE
735652127862,Dr. Josef Klein,716537981401,provider,GENERAL PRACTICE
911154626997,Dr. Jewel Kassulke,445209655825,provider,GENERAL PRACTICE
886494319389,Dr. Clifton Veum,711311108583,provider,GENERAL PRACTICE
790013657234,Dr. Althea Ankunding,353960718602,provider,GENERAL PRACTICE
602442187981,Dr. Paz Gerlach,538598935845,provider,GENERAL PRACTICE
814334102563,Dr. Wilbur Rau,299712303763,provider,GENERAL PRACTICE
214084445235,Dr. Synthia Keebler,965866559439,provider,GENERAL PRACTICE
996976193019,Dr. Waylon Lakin,584702271257,provider,GENERAL PRACTICE
230627290745,Dr. Numbers Stehr,324571202566,provider,GENERAL PRACTICE
127699315510,Dr. Ezra Torp,536543498226,provider,GENERAL PRACTICE
974887857039,Dr. Carmelita Tromp,654319547739,provider,GENERAL PRACTICE
522169565124,Dr. Hermelinda Hyatt,730927305905,provider,GENERAL PRACTICE
725019694577,Dr. Noreen Stroman,923946869624,provider,GENERAL PRACTICE
225511488137,Dr. Gil Ondricka,345187906908,provider,GENERAL PRACTICE
356615602922,Dr. Cira Hane,784733839438,provider,GENERAL PRACTICE
943127505468,Dr. Germán Dueñas,355449781744,provider,GENERAL PRACTICE
147756981556,Dr. Maggie Eichmann,874040431509,provider,GENERAL PRACTICE
271890538983,Dr. Floyd Prohaska,164259104484,provider,GENERAL PRACTICE
981536250912,Dr. Horace Bradtke,552220717639,provider,GENERAL PRACTICE
196268892571,Dr. Duane Koelpin,120026906832,provider,GENERAL PRACTICE
428772719482,Dr. Rueben Okuneva,253294785495,provider,GENERAL PRACTICE
800517956824,Dr. Maryjane White,146189398255,provider,GENERAL PRACTICE
340197823460,Dr. Isaac Kub,756479633024,provider,GENERAL PRACTICE
206963650353,Dr. Crystle McCullough,909668755131,provider,GENERAL PRACTICE
745467477943,Dr. Cecil Fahey,976328363069,provider,GENERAL PRACTICE
491511243453,Dr. Riley Prohaska,612320951834,provider,GENERAL PRACTICE
281500402219,Dr. Lorette Hauck,694888258020,provider,GENERAL PRACTICE
956108135246,Dr. Carlota Casárez,172406831934,provider,GENERAL PRACTICE
235062100042,Dr. Eddie Keeling,334611853539,provider,GENERAL PRACTICE
673897167353,Dr. Sharron Batz,434985669046,provider,GENERAL PRACTICE
961708179742,Dr. Forest Rutherford,561076464093,provider,GENERAL PRACTICE
882558119167,Dr. Celine Pagac,397168200323,provider,GENERAL PRACTICE
946861686587,Dr. Jolie Parisian,385067477350,provider,GENERAL PRACTICE
525251232025,Dr. Marcy Hamill,981065296469,provider,GENERAL PRACTICE
722767270951,Dr. Lavern Bogisich,163348640885,provider,GENERAL PRACTICE
409403988701,Dr. Elmer Gusikowski,664146202744,provider,GENERAL PRACTICE
140948747320,Dr. Gerard Pouros,221035455223,provider,GENERAL PRACTICE
141583121284,Dr. Cira Jakubowski,967450568826,provider,GENERAL PRACTICE
167138310137,Dr. Yesenia Wilderman,782950701396,provider,GENERAL PRACTICE
859653171448,Dr. Derrick Kub,411310174403,provider,GENERAL PRACTICE
534437809245,Dr. Edison Rowe,410770104499,provider,GENERAL PRACTICE
576645814632,Dr. Jani Schultz,450820515806,provider,GENERAL PRACTICE
342572544669,Dr. Mickey Gerlach,817432370332,provider,GENERAL PRACTICE
286786793240,Dr. Hilda Muller,211241975553,provider,GENERAL PRACTICE
828664908446,Dr. Ferdinand Moen,122737623501,provider,GENERAL PRACTICE
413835279958,Dr. Sasha Schamberger,386816377591,provider,GENERAL PRACTICE
599700709660,Dr. Ethyl Rau,664651236532,provider,GENERAL PRACTICE
184834641088,Dr. Guillermo Fay,811383456471,provider,GENERAL PRACTICE
446617682229,Dr. Shasta King,409331527509,provider,GENERAL PRACTICE
997942691896,Dr. Abdul White,315568786961,provider,GENERAL PRACTICE
500939364162,Dr. Brigitte Bartoletti,336033187634,provider,GENERAL PRACTICE
309059446651,Dr. Weldon Lockman,796643664888,provider,GENERAL PRACTICE
153863304043,Dr. Jerrod Cormier,657811258425,provider,GENERAL PRACTICE
457587534514,Dr. Will Bernhard,517771165134,provider,GENERAL PRACTICE
946190683020,Dr. Erwin Stiedemann,352900911003,provider,GENERAL PRACTICE
450935333100,Dr. Ramiro Anderson,380924748629,provider,GENERAL PRACTICE
235341718763,Dr. Orpha Marks,269032342566,provider,GENERAL PRACTICE
133295355514,Dr. Ernest Runte,353341103675,provider,GENERAL PRACTICE
566830930888,Dr. Damaris Funk,329043339739,provider,GENERAL PRACTICE
364630296791,Dr. Lillia Gutmann,346466929265,provider,GENERAL PRACTICE
800890733286,Dr. Raphael Thompson,674433422475,provider,GENERAL PRACTICE
445812373925,Dr. Daniela Hinojosa,909408603999,provider,GENERAL PRACTICE
957154506991,Dr. Hue Block,215425449694,provider,GENERAL PRACTICE
729178557691,Dr. Jared Satterfield,935300400384,provider,GENERAL PRACTICE
311280327522,Dr. Ariane Pagac,775201473663,provider,GENERAL PRACTICE
955277854607,Dr. Tana Collins,888667641280,provider,GENERAL PRACTICE
334076426288,Dr. Enriqueta Barton,167740372526,provider,GENERAL PRACTICE
438059717964,Dr. Margarite Koepp,203442665262,provider,GENERAL PRACTICE
847318155656,Dr. Nicholas Greenfelder,747929389482,provider,GENERAL PRACTICE
199536574010,Dr. Barton Hahn,196972686654,provider,GENERAL PRACTICE
782734435393,Dr. Alfonso Muñiz,228832629994,provider,GENERAL PRACTICE
834343590862,Dr. Melvin Nikolaus,356080898618,provider,GENERAL PRACTICE
682062750571,Dr. Ronald Emard,545191903198,provider,GENERAL PRACTICE
642460319352,Dr. Marlin Breitenberg,704990680123,provider,GENERAL PRACTICE
952532660601,Dr. Elizbeth Dickinson,686228652532,provider,GENERAL PRACTICE
538812394238,Dr. Bradley Runolfsson,784047539283,provider,GENERAL PRACTICE
435578429857,Dr. Darlene Collier,628845126114,provider,GENERAL PRACTICE
972632559098,Dr. Alla Towne,673702558677,provider,GENERAL PRACTICE
610382616886,Dr. Palmer Kuphal,240140654522,provider,GENERAL PRACTICE
155521343935,Dr. Guy Cummerata,801118328786,provider,GENERAL PRACTICE
210981284946,Dr. Charles Prosacco,375216187652,provider,GENERAL PRACTICE
839795716750,Dr. Bobbye Wuckert,542037368679,provider,GENERAL PRACTICE
411458423955,Dr. Johnathan Padberg,638398109963,provider,GENERAL PRACTICE
859147470080,Dr. Gerardo Bergstrom,734485306617,provider,GENERAL PRACTICE
310166975501,Dr. Chu Weber,935076943754,provider,GENERAL PRACTICE
230017453975,Dr. Rex Gerhold,376412667868,provider,GENERAL PRACTICE
932854454608,Dr. Leontine Schmeler,953419325865,provider,GENERAL PRACTICE
858622769604,Dr. Marshall Lynch,392518857289,provider,GENERAL PRACTICE
456636418603,Dr. Elena Lozada,436642898460,provider,GENERAL PRACTICE
817132307523,Dr. Georgianne Howe,155360722944,provider,GENERAL PRACTICE
796228907779,Dr. Mercedes Escobedo,960374551211,provider,GENERAL PRACTICE
434009223924,Dr. Wilson Turner,599486748057,provider,GENERAL PRACTICE
444416903901,Dr. Gregg Willms,211586840587,provider,GENERAL PRACTICE
913318708710,Dr. Cari Kohler,246665835315,provider,GENERAL PRACTICE
293013321141,Dr. Gerry Davis,945671703970,provider,GENERAL PRACTICE
779015303953,Dr. Eldridge Marquardt,977547946047,provider,GENERAL PRACTICE
141253945391,Dr. Noelle Padberg,667628629109,provider,GENERAL PRACTICE
834116804393,Dr. Anita Llamas,386974746967,provider,GENERAL PRACTICE
716548359928,Dr. Alane Frami,265170856482,provider,GENERAL PRACTICE
358162828209,Dr. Antwan Lindgren,499510976978,provider,GENERAL PRACTICE
274094787248,Dr. Hui Cronin,134347101372,provider,GENERAL PRACTICE
211780399654,Dr. Man Balistreri,582656569353,provider,GENERAL PRACTICE
989795170577,Dr. Rupert Walker,863742510453,provider,GENERAL PRACTICE
668799132333,Dr. Mitsue White,484857421526,provider,GENERAL PRACTICE
169846688063,Dr. Parthenia Dickens,643005395710,provider,GENERAL PRACTICE
720379274958,Dr. Theo Mante,451152324963,provider,GENERAL PRACTICE
387776276617,Dr. Bradly Lang,230919485384,provider,GENERAL PRACTICE
852985821786,Dr. Daniel Wolff,140336108347,provider,GENERAL PRACTICE
169539600841,Dr. Jude Reynolds,132187994054,provider,GENERAL PRACTICE
900495842004,Dr. Rosanna DuBuque,198318473639,provider,GENERAL PRACTICE
719944787279,Dr. Tamisha Wilderman,175212121375,provider,GENERAL PRACTICE
773314553127,Dr. Elba Schneider,162080639034,provider,GENERAL PRACTICE
559682996239,Dr. Alysha Koch,705600612184,provider,GENERAL PRACTICE
131194979129,Dr. Robby Abshire,363282777058,provider,GENERAL PRACTICE
958509795035,Dr. Amalia Escobar,433123182951,provider,GENERAL PRACTICE
763032521240,Dr. Josh Feil,901088180012,provider,GENERAL PRACTICE
810960819726,Dr. Mariette Rau,443674537664,provider,GENERAL PRACTICE
421286362909,Dr. Alberto Arce,550499475061,provider,GENERAL PRACTICE
889424972136,Dr. Allan Moore,576952641888,provider,GENERAL PRACTICE
146013560574,Dr. Lino Feest,778298928109,provider,GENERAL PRACTICE
216346608047,Dr. Raul Considine,272009181848,provider,GENERAL PRACTICE
882642814434,Dr. Barb Renner,662227908126,provider,GENERAL PRACTICE
914841419476,Dr. Obdulia Schroeder,734572715069,provider,GENERAL PRACTICE
826614326591,Dr. Kathlene Satterfield,516656790996,provider,GENERAL PRACTICE
312100421596,Dr. Marshall Jenkins,704333640335,provider,GENERAL PRACTICE
573703534780,Dr. Chantell Krajcik,962564688567,provider,GENERAL PRACTICE
634276559388,Dr. Halina Pollich,691854260602,provider,GENERAL PRACTICE
801533828685,Dr. Tyler Howe,308552321054,provider,GENERAL PRACTICE
941757990360,Dr. Dan Swift,385693694495,provider,GENERAL PRACTICE
482349467184,Dr. Lane Gutmann,297952591551,provider,GENERAL PRACTICE
638898693714,Dr. Mao Bednar,877168352879,provider,GENERAL PRACTICE
787890769234,Dr. Jacques Quigley,484369166673,provider,GENERAL PRACTICE
906635463937,Dr. Kisha Beahan,904077646432,provider,GENERAL PRACTICE
212086444152,Dr. Jolynn Adams,797723715264,provider,GENERAL PRACTICE
776683549660,Dr. Julianne Schaefer,412909141963,provider,GENERAL PRACTICE
291129313875,Dr. Cleveland Kuphal,712804754373,provider,GENERAL PRACTICE
733824316753,Dr. Jody Bernhard,601590429392,provider,GENERAL PRACTICE
148769158873,Dr. Antonio Canales,777996881550,provider,GENERAL PRACTICE
966020889271,Dr. Germán Rodríquez,697767581258,provider,GENERAL PRACTICE
185514809985,Dr. Anh Schroeder,884479247180,provider,GENERAL PRACTICE
315736646722,Dr. Rodrigo Serrano,724006197125,provider,GENERAL PRACTICE
560361531802,Dr. Chun Armstrong,979321906979,provider,GENERAL PRACTICE
902882468875,Dr. Chanelle Schuster,927570629710,provider,GENERAL PRACTICE
781945704005,Dr. Latrisha Rippin,222140555346,provider,GENERAL PRACTICE
969357263372,Dr. Levi Abbott,167077138227,provider,GENERAL PRACTICE
717961878435,Dr. Hellen Roberts,831816450766,provider,GENERAL PRACTICE
931367527556,Dr. Ashlyn Lehner,246034271496,provider,GENERAL PRACTICE
994592410619,Dr. Muriel Tromp,407255415086,provider,GENERAL PRACTICE
426760778576,Dr. Tashina Towne,722860230367,provider,GENERAL PRACTICE
852824352058,Dr. Tyron Littel,933159131168,provider,GENERAL PRACTICE
392845423491,Dr. Darnell Leannon,421078347244,provider,GENERAL PRACTICE
615444725820,Dr. Dorotea Córdova,901536968393,provider,GENERAL PRACTICE
796886500062,Dr. Patrina Strosin,340570140607,provider,GENERAL PRACTICE
668172999680,Dr. Chang Kutch,577025505981,provider,GENERAL PRACTICE
136200509587,Dr. Olin Kulas,829918933956,provider,GENERAL PRACTICE
396128877822,Dr. Thresa Kutch,533247966636,provider,GENERAL PRACTICE
643053487704,Dr. Wilfredo Mraz,574675672085,provider,GENERAL PRACTICE
680416703602,Dr. Carlena Feil,389270246619,provider,GENERAL PRACTICE
512098127499,Dr. Carter Torp,957848689354,provider,GENERAL PRACTICE
531927679848,Dr. Lu Heathcote,767698355001,provider,GENERAL PRACTICE
865233408676,Dr. Elvira Montaño,948152737358,provider,GENERAL PRACTICE
394689807967,Dr. Karey Kerluke,617928375807,provider,GENERAL PRACTICE
196187481826,Dr. King Predovic,115863222449,provider,GENERAL PRACTICE
199405100403,Dr. Leanora Pacocha,620655209252,provider,GENERAL PRACTICE
232918309404,Dr. Carroll Eichmann,126183896932,provider,GENERAL PRACTICE
658283417954,Dr. Bertram Kutch,940230126134,provider,GENERAL PRACTICE
107337682773,Dr. Troy Dooley,163540663521,provider,GENERAL PRACTICE
106765615626,Dr. Daryl Yundt,360352231479,provider,GENERAL PRACTICE
322904412190,Dr. Florance Leannon,792979389224,provider,GENERAL PRACTICE
124289855739,Dr. Elvira Ureña,151548639105,provider,GENERAL PRACTICE
632530445504,Dr. Eugene Rohan,743984219781,provider,GENERAL PRACTICE
123979244808,Dr. Olympia Ward,329807678782,provider,GENERAL PRACTICE
134574672349,Dr. Stuart Lynch,705236126605,provider,GENERAL PRACTICE
719434744155,Dr. Kai Mann,370124309204,provider,GENERAL PRACTICE
213184895234,Dr. Marcus Schamberger,646879643570,provider,GENERAL PRACTICE
244688117371,Dr. Joslyn Friesen,640461716815,provider,GENERAL PRACTICE
192867721240,Dr. Irene Kirlin,340603303507,provider,GENERAL PRACTICE
985272447912,Dr. Gino Block,450883549713,provider,GENERAL PRACTICE
615986289082,Dr. Elmo Wisoky,868587719970,provider,GENERAL PRACTICE
970420730805,Dr. Hunter Howe,322354384476,provider,GENERAL PRACTICE
722994906105,Dr. Sallie Barrows,882836281113,provider,GENERAL PRACTICE
470695140173,Dr. Clarence Robel,459275900797,provider,GENERAL PRACTICE
532887773777,Dr. Margaret Reinger,693148977567,provider,GENERAL PRACTICE
618807114298,Dr. Tambra Nolan,722735112344,provider,GENERAL PRACTICE
462738831118,Dr. Melissia Bergnaum,268156146321,provider,GENERAL PRACTICE
139554783533,Dr. Brittanie Krajcik,251502418729,provider,GENERAL PRACTICE
424776130627,Dr. Zackary Mohr,135844153865,provider,GENERAL PRACTICE
516914493055,Dr. Ana María Porras,236546473057,provider,GENERAL PRACTICE
341812963219,Dr. Georgeanna Schulist,988302756118,provider,GENERAL PRACTICE
617087580412,Dr. Almeda Okuneva,938788164953,provider,GENERAL PRACTICE
643602867937,Dr. Silas Stamm,958788301714,provider,GENERAL PRACTICE
767499893847,Dr. Maria Osinski,267262728590,provider,GENERAL PRACTICE
400231779906,Dr. Ranee Turner,252506659199,provider,GENERAL PRACTICE
386569711051,Dr. Trent Krajcik,775059801970,provider,GENERAL PRACTICE
502082760527,Dr. Kimbra Runolfsdottir,109632941724,provider,GENERAL PRACTICE
982942394342,Dr. Felipe Lebsack,246585910931,provider,GENERAL PRACTICE
991834932461,Dr. Dante Reinger,311693315812,provider,GENERAL PRACTICE
465111586393,Dr. Cesar Lehner,473076454718,provider,GENERAL PRACTICE
172195588888,Dr. Venice Rogahn,130646360329,provider,GENERAL PRACTICE
589044602019,Dr. Kory Trantow,705835300548,provider,GENERAL PRACTICE
593295717038,Dr. Ignacio Escamilla,241164689144,provider,GENERAL PRACTICE
375776399193,Dr. Darrick Hoppe,734235257326,provider,GENERAL PRACTICE
851163789265,Dr. Wendell Ziemann,740772147823,provider,GENERAL PRACTICE
901010982497,Dr. Susanne Abernathy,207427377966,provider,GENERAL PRACTICE
424153978472,Dr. Brooks Williamson,702720521927,provider,GENERAL PRACTICE
625165814361,Dr. Odell Greenholt,693550905751,provider,GENERAL PRACTICE
909492856751,Dr. Dewayne Lemke,246142151785,provider,GENERAL PRACTICE
565203962411,Dr. Mitsuko Carter,918268957951,provider,GENERAL PRACTICE
873837816265,Dr. Lynn Crona,205169580082,provider,GENERAL PRACTICE
901169628216,Dr. Katia Parisian,653204909556,provider,GENERAL PRACTICE
686693802029,Dr. Jordon Bruen,509324729358,provider,GENERAL PRACTICE
379095484494,Dr. Pearlene Towne,979147981148,provider,GENERAL PRACTICE
335639925151,Dr. Elma McCullough,410170120190,provider,GENERAL PRACTICE
946701590825,Dr. Alvin Crona,321769516641,provider,GENERAL PRACTICE
407847877857,Dr. Kirk Erdman,697981935384,provider,GENERAL PRACTICE
717388145651,Dr. Colleen Olson,563058211171,provider,GENERAL PRACTICE
237066473809,Dr. Kirk Cormier,305863449444,provider,GENERAL PRACTICE
647754355718,Dr. Mari Skiles,292440461204,provider,GENERAL PRACTICE
612353912590,Dr. Alonso Hand,191351235441,provider,GENERAL PRACTICE
504215881442,Dr. Henry Ebert,739367811542,provider,GENERAL PRACTICE
134136751628,Dr. Cedric Quitzon,776044631869,provider,GENERAL PRACTICE
662547850268,Dr. Ignacio Alanis,224596514236,provider,GENERAL PRACTICE
659697171341,Dr. Emerita Satterfield,480620510077,provider,GENERAL PRACTICE
847027627199,Dr. Dominic Miller,447762691193,provider,GENERAL PRACTICE
937583127143,Dr. Lourdes Elizondo,398221894854,provider,GENERAL PRACTICE
822378935869,Dr. Jude Hammes,223661856355,provider,GENERAL PRACTICE
197400236734,Dr. Jesus Roob,429611160849,provider,GENERAL PRACTICE
120527152456,Dr. Jewell Schmeler,134150484923,provider,GENERAL PRACTICE
710381885248,Dr. Tran Jakubowski,231944373765,provider,GENERAL PRACTICE
945133393407,Dr. Alvin Hayes,569612109698,provider,GENERAL PRACTICE
341298492980,Dr. Diego Pérez,310202305463,provider,GENERAL PRACTICE
822073710443,Dr. Archie McCullough,971982831102,provider,GENERAL PRACTICE
788647809400,Dr. Maragaret Erdman,819501874332,provider,GENERAL PRACTICE
162372652242,Dr. Heath Leuschke,268723770996,provider,GENERAL PRACTICE
542686280503,Dr. Arla Fritsch,456687295369,provider,GENERAL PRACTICE
783757748470,Dr. Miyoko Paucek,792706338738,provider,GENERAL PRACTICE
815267278350,Dr. Vella Ankunding,437751735116,provider,GENERAL PRACTICE
697232559089,Dr. Justin Hayes,602820120670,provider,GENERAL PRACTICE
795607307588,Dr. Blanche Bailey,614511471248,provider,GENERAL PRACTICE
720088917431,Dr. Tynisha Howe,370773531929,provider,GENERAL PRACTICE
475137728068,Dr. Sharyl Williamson,510373960335,provider,GENERAL PRACTICE
545819452242,Dr. Harland Ryan,647368651157,provider,GENERAL PRACTICE
635052106539,Dr. Kandi Beahan,615614442995,provider,GENERAL PRACTICE
628549972398,Dr. Cathey Kiehn,947782758686,provider,GENERAL PRACTICE
728029279961,Dr. Lael Kris,205541400676,provider,GENERAL PRACTICE
757544252321,Dr. Karri Reinger,446616774798,provider,GENERAL PRACTICE
622421974396,Dr. Ricky Little,642419533846,provider,GENERAL PRACTICE
936707127536,Dr. Judy Gleason,630271563741,provider,GENERAL PRACTICE
533532786611,Dr. Chris Haag,800034992119,provider,GENERAL PRACTICE
925979197944,Dr. Barton Bahringer,987559110834,provider,GENERAL PRACTICE
243681143387,Dr. Buford Halvorson,746168489933,provider,GENERAL PRACTICE
845566549065,Dr. Jimmie Mayert,970206463976,provider,GENERAL PRACTICE
443247774116,Dr. Reggie Schiller,358660184395,provider,GENERAL PRACTICE
786378259867,Dr. Patsy Olson,442989768027,provider,GENERAL PRACTICE
993480105114,Dr. Nathanael Rogahn,400913856992,provider,GENERAL PRACTICE
817575914959,Dr. Bennie Abbott,900474855418,provider,GENERAL PRACTICE
451191436053,Dr. Patricio Espinoza,583441421823,provider,GENERAL PRACTICE
574648729900,Dr. Josefina Portillo,260022272550,provider,GENERAL PRACTICE
834448112293,Dr. Scott Kilback,159695574978,provider,GENERAL PRACTICE
635203648481,Dr. Randolph Keebler,546553369420,provider,GENERAL PRACTICE
442436136362,Dr. Andrea Montez,694504105844,provider,GENERAL PRACTICE
775601920026,Dr. Juan O'Keefe,116020210121,provider,GENERAL PRACTICE
733548117126,Dr. Simonne Wilderman,439215457973,provider,GENERAL PRACTICE
876844549265,Dr. Sonia Velásquez,377399687876,provider,GENERAL PRACTICE
107682862232,Dr. Garret Thiel,824372580072,provider,GENERAL PRACTICE
473502687513,Dr. Tijuana Leannon,861129836212,provider,GENERAL PRACTICE
613160108749,Dr. Drew Streich,712464526113,provider,GENERAL PRACTICE
547137184161,Dr. Donnell D'Amore,563670352500,provider,GENERAL PRACTICE
470765134405,Dr. Clelia Morissette,550996874745,provider,GENERAL PRACTICE
811518578020,Dr. Antonette Tromp,490648325488,provider,GENERAL PRACTICE
696508780326,Dr. Fredrick Wintheiser,741054160350,provider,GENERAL PRACTICE
647359409938,Dr. Pat Bradtke,273664852437,provider,GENERAL PRACTICE
851778477632,Dr. Cameron Daniel,178212659803,provider,GENERAL PRACTICE
315319519420,Dr. Aaron Kohler,342808773164,provider,GENERAL PRACTICE
199955218492,Dr. Leslie Schneider,922128284635,provider,GENERAL PRACTICE
440820158103,Dr. Brendan Hintz,124774198539,provider,GENERAL PRACTICE
357077927778,Dr. Vince Schmidt,957571252313,provider,GENERAL PRACTICE
896283397022,Dr. Rod Kohler,397909778934,provider,GENERAL PRACTICE
978030899071,Dr. Waldo Hintz,487693734478,provider,GENERAL PRACTICE
602919645020,Dr. Tyrone Huels,389900724486,provider,GENERAL PRACTICE
852599103182,Dr. Rudolf Vandervort,240689312922,provider,GENERAL PRACTICE
693846668553,Dr. Pei Crooks,415134378785,provider,GENERAL PRACTICE
769324985248,Dr. Pearline Pagac,411945375621,provider,GENERAL PRACTICE
895296927986,Dr. Emmaline Witting,791578431017,provider,GENERAL PRACTICE
926722984837,Dr. Victoria Roob,673616942945,provider,GENERAL PRACTICE
729571355290,Dr. Kristina Bashirian,924333362788,provider,GENERAL PRACTICE
714662144524,Dr. Nam Treutel,975974331302,provider,GENERAL PRACTICE
427076100553,Dr. Ollie Dooley,896204474753,provider,GENERAL PRACTICE
639349625935,Dr. Temeka Huels,287738961497,provider,GENERAL PRACTICE
590801229041,Dr. Corie Cormier,900934820255,provider,GENERAL PRACTICE
669736502491,Dr. Lorretta Reinger,353070836520,provider,GENERAL PRACTICE
285520212267,Dr. Connie Dietrich,247344965069,provider,GENERAL PRACTICE
326438107187,Dr. Maren Aufderhar,353593445316,provider,GENERAL PRACTICE
903406219717,Dr. David Mueller,498856250800,provider,GENERAL PRACTICE
128266113574,Dr. Estella Reynolds,695877551426,provider,GENERAL PRACTICE
544396212561,Dr. Eldora Langosh,528936922312,provider,GENERAL PRACTICE
801517446259,Dr. Frederic Larkin,319697768395,provider,GENERAL PRACTICE
550037372749,Dr. Alline Schimmel,452741212587,provider,GENERAL PRACTICE
176150460457,Dr. Raleigh Hauck,679395665954,provider,GENERAL PRACTICE
298075188150,Dr. Angele Bogan,820505491472,provider,GENERAL PRACTICE
660077447083,Dr. Margrett Davis,503823677370,provider,GENERAL PRACTICE
229732649923,Dr. Rodney Hettinger,191742591159,provider,GENERAL PRACTICE
702851676608,Dr. Donnell Mosciski,338983465487,provider,GENERAL PRACTICE
759866831423,Dr. Bea Daniel,364951778022,provider,GENERAL PRACTICE
408258691177,Dr. Duncan Halvorson,380795600576,provider,GENERAL PRACTICE
556942790212,Dr. Charlesetta Swift,381191202206,provider,GENERAL PRACTICE
450258153020,Dr. Olinda Paucek,218363217778,provider,GENERAL PRACTICE
370977212753,Dr. Felica Farrell,944896450430,provider,GENERAL PRACTICE
209513531252,Dr. Damian Krajcik,655038529730,provider,GENERAL PRACTICE
